Method;Job;AnalyzeLaunchVariance;EvaluateOverhead;MaxAbsoluteError;MaxRelativeError;MinInvokeCount;MinIterationTime;OutlierMode;Affinity;EnvironmentVariables;Jit;LargeAddressAware;Platform;PowerPlanMode;Runtime;AllowVeryLargeObjects;Concurrent;CpuGroups;Force;HeapAffinitizeMask;HeapCount;NoAffinitize;RetainVm;Server;Arguments;BuildConfiguration;Clock;EngineFactory;NuGetReferences;Toolchain;IsMutator;InvocationCount;IterationCount;IterationTime;LaunchCount;MaxIterationCount;MaxWarmupIterationCount;MemoryRandomization;MinIterationCount;MinWarmupIterationCount;RunStrategy;UnrollFactor;WarmupCount;MapSize;DriverDensity;DriverPlacement;MaxDrivers;SearchPosition;Mean;Error;StdDev;Median;Gen0;Gen1;Gen2;Allocated
BruteForce;DefaultJob;False;Default;Default;Default;Default;Default;Default;111111111111;Empty;RyuJit;Default;X64;8c5e7fda-e8bf-4a96-9a85-a6e23a8c635c;.NET 6.0;False;True;False;True;Default;Default;False;False;False;Default;Default;Default;Default;Default;Default;Default;Default;Default;Default;Default;Default;Default;Default;Default;Default;Default;16;Default;100;0.01;Random;10;Center;"4,007.4 ns";50.96 ns;39.79 ns;"3,993.3 ns";0.1068;0.0000;0.0000;1048 B
BFS;DefaultJob;False;Default;Default;Default;Default;Default;Default;111111111111;Empty;RyuJit;Default;X64;8c5e7fda-e8bf-4a96-9a85-a6e23a8c635c;.NET 6.0;False;True;False;True;Default;Default;False;False;False;Default;Default;Default;Default;Default;Default;Default;Default;Default;Default;Default;Default;Default;Default;Default;Default;Default;16;Default;100;0.01;Random;10;Center;"18,897.7 ns";353.21 ns;313.11 ns;"18,832.5 ns";1.5869;0.0610;0.0000;15144 B
DistanceSearch;DefaultJob;False;Default;Default;Default;Default;Default;Default;111111111111;Empty;RyuJit;Default;X64;8c5e7fda-e8bf-4a96-9a85-a6e23a8c635c;.NET 6.0;False;True;False;True;Default;Default;False;False;False;Default;Default;Default;Default;Default;Default;Default;Default;Default;Default;Default;Default;Default;Default;Default;Default;Default;16;Default;100;0.01;Random;10;Center;"2,615.5 ns";49.83 ns;51.17 ns;"2,586.9 ns";0.0916;0.0000;0.0000;872 B
SectorGrid;DefaultJob;False;Default;Default;Default;Default;Default;Default;111111111111;Empty;RyuJit;Default;X64;8c5e7fda-e8bf-4a96-9a85-a6e23a8c635c;.NET 6.0;False;True;False;True;Default;Default;False;False;False;Default;Default;Default;Default;Default;Default;Default;Default;Default;Default;Default;Default;Default;Default;Default;Default;Default;16;Default;100;0.01;Random;10;Center;"14,949.3 ns";62.18 ns;51.92 ns;"14,948.0 ns";1.7090;0.0000;0.0000;16160 B
BruteForce;DefaultJob;False;Default;Default;Default;Default;Default;Default;111111111111;Empty;RyuJit;Default;X64;8c5e7fda-e8bf-4a96-9a85-a6e23a8c635c;.NET 6.0;False;True;False;True;Default;Default;False;False;False;Default;Default;Default;Default;Default;Default;Default;Default;Default;Default;Default;Default;Default;Default;Default;Default;Default;16;Default;100;0.01;Random;10;Corner;"3,960.1 ns";18.71 ns;15.63 ns;"3,955.9 ns";0.1068;0.0000;0.0000;1048 B
BFS;DefaultJob;False;Default;Default;Default;Default;Default;Default;111111111111;Empty;RyuJit;Default;X64;8c5e7fda-e8bf-4a96-9a85-a6e23a8c635c;.NET 6.0;False;True;False;True;Default;Default;False;False;False;Default;Default;Default;Default;Default;Default;Default;Default;Default;Default;Default;Default;Default;Default;Default;Default;Default;16;Default;100;0.01;Random;10;Corner;"22,313.7 ns";186.00 ns;145.22 ns;"22,254.1 ns";1.3733;0.0305;0.0000;13072 B
DistanceSearch;DefaultJob;False;Default;Default;Default;Default;Default;Default;111111111111;Empty;RyuJit;Default;X64;8c5e7fda-e8bf-4a96-9a85-a6e23a8c635c;.NET 6.0;False;True;False;True;Default;Default;False;False;False;Default;Default;Default;Default;Default;Default;Default;Default;Default;Default;Default;Default;Default;Default;Default;Default;Default;16;Default;100;0.01;Random;10;Corner;"3,857.3 ns";26.09 ns;20.37 ns;"3,850.7 ns";0.0916;0.0000;0.0000;872 B
SectorGrid;DefaultJob;False;Default;Default;Default;Default;Default;Default;111111111111;Empty;RyuJit;Default;X64;8c5e7fda-e8bf-4a96-9a85-a6e23a8c635c;.NET 6.0;False;True;False;True;Default;Default;False;False;False;Default;Default;Default;Default;Default;Default;Default;Default;Default;Default;Default;Default;Default;Default;Default;Default;Default;16;Default;100;0.01;Random;10;Corner;"30,257.1 ns";596.73 ns;"1,177.89 ns";"30,013.8 ns";7.6294;0.1221;0.0000;71832 B
BruteForce;DefaultJob;False;Default;Default;Default;Default;Default;Default;111111111111;Empty;RyuJit;Default;X64;8c5e7fda-e8bf-4a96-9a85-a6e23a8c635c;.NET 6.0;False;True;False;True;Default;Default;False;False;False;Default;Default;Default;Default;Default;Default;Default;Default;Default;Default;Default;Default;Default;Default;Default;Default;Default;16;Default;100;0.01;Random;100;Center;"5,464.5 ns";108.16 ns;128.75 ns;"5,428.9 ns";0.8392;0.0076;0.0000;7936 B
BFS;DefaultJob;False;Default;Default;Default;Default;Default;Default;111111111111;Empty;RyuJit;Default;X64;8c5e7fda-e8bf-4a96-9a85-a6e23a8c635c;.NET 6.0;False;True;False;True;Default;Default;False;False;False;Default;Default;Default;Default;Default;Default;Default;Default;Default;Default;Default;Default;Default;Default;Default;Default;Default;16;Default;100;0.01;Random;100;Center;"147,251.9 ns";"2,894.54 ns";"4,591.05 ns";"144,587.2 ns";2.6855;0.0000;0.0000;25800 B
DistanceSearch;DefaultJob;False;Default;Default;Default;Default;Default;Default;111111111111;Empty;RyuJit;Default;X64;8c5e7fda-e8bf-4a96-9a85-a6e23a8c635c;.NET 6.0;False;True;False;True;Default;Default;False;False;False;Default;Default;Default;Default;Default;Default;Default;Default;Default;Default;Default;Default;Default;Default;Default;Default;Default;16;Default;100;0.01;Random;100;Center;"21,272.7 ns";93.95 ns;83.29 ns;"21,246.0 ns";0.7629;0.0000;0.0000;7408 B
SectorGrid;DefaultJob;False;Default;Default;Default;Default;Default;Default;111111111111;Empty;RyuJit;Default;X64;8c5e7fda-e8bf-4a96-9a85-a6e23a8c635c;.NET 6.0;False;True;False;True;Default;Default;False;False;False;Default;Default;Default;Default;Default;Default;Default;Default;Default;Default;Default;Default;Default;Default;Default;Default;Default;16;Default;100;0.01;Random;100;Center;"67,554.8 ns";565.05 ns;528.55 ns;"67,509.1 ns";7.4463;0.1221;0.0000;70192 B
BruteForce;DefaultJob;False;Default;Default;Default;Default;Default;Default;111111111111;Empty;RyuJit;Default;X64;8c5e7fda-e8bf-4a96-9a85-a6e23a8c635c;.NET 6.0;False;True;False;True;Default;Default;False;False;False;Default;Default;Default;Default;Default;Default;Default;Default;Default;Default;Default;Default;Default;Default;Default;Default;Default;16;Default;100;0.01;Random;100;Corner;"5,239.5 ns";63.26 ns;56.08 ns;"5,221.3 ns";0.8392;0.0076;0.0000;7936 B
BFS;DefaultJob;False;Default;Default;Default;Default;Default;Default;111111111111;Empty;RyuJit;Default;X64;8c5e7fda-e8bf-4a96-9a85-a6e23a8c635c;.NET 6.0;False;True;False;True;Default;Default;False;False;False;Default;Default;Default;Default;Default;Default;Default;Default;Default;Default;Default;Default;Default;Default;Default;Default;Default;16;Default;100;0.01;Random;100;Corner;"153,218.4 ns";"2,906.44 ns";"2,984.70 ns";"151,575.4 ns";2.1973;0.0000;0.0000;21680 B
DistanceSearch;DefaultJob;False;Default;Default;Default;Default;Default;Default;111111111111;Empty;RyuJit;Default;X64;8c5e7fda-e8bf-4a96-9a85-a6e23a8c635c;.NET 6.0;False;True;False;True;Default;Default;False;False;False;Default;Default;Default;Default;Default;Default;Default;Default;Default;Default;Default;Default;Default;Default;Default;Default;Default;16;Default;100;0.01;Random;100;Corner;"25,257.5 ns";47.89 ns;39.99 ns;"25,243.9 ns";0.7629;0.0000;0.0000;7408 B
SectorGrid;DefaultJob;False;Default;Default;Default;Default;Default;Default;111111111111;Empty;RyuJit;Default;X64;8c5e7fda-e8bf-4a96-9a85-a6e23a8c635c;.NET 6.0;False;True;False;True;Default;Default;False;False;False;Default;Default;Default;Default;Default;Default;Default;Default;Default;Default;Default;Default;Default;Default;Default;Default;Default;16;Default;100;0.01;Random;100;Corner;"98,953.6 ns";"1,473.56 ns";"1,306.28 ns";"98,551.9 ns";25.7568;0.8545;0.0000;242568 B
BruteForce;DefaultJob;False;Default;Default;Default;Default;Default;Default;111111111111;Empty;RyuJit;Default;X64;8c5e7fda-e8bf-4a96-9a85-a6e23a8c635c;.NET 6.0;False;True;False;True;Default;Default;False;False;False;Default;Default;Default;Default;Default;Default;Default;Default;Default;Default;Default;Default;Default;Default;Default;Default;Default;16;Default;100;0.01;WorstCase;10;Center;"3,597.3 ns";32.96 ns;29.22 ns;"3,593.1 ns";0.1106;0.0000;0.0000;1048 B
BFS;DefaultJob;False;Default;Default;Default;Default;Default;Default;111111111111;Empty;RyuJit;Default;X64;8c5e7fda-e8bf-4a96-9a85-a6e23a8c635c;.NET 6.0;False;True;False;True;Default;Default;False;False;False;Default;Default;Default;Default;Default;Default;Default;Default;Default;Default;Default;Default;Default;Default;Default;Default;Default;16;Default;100;0.01;WorstCase;10;Center;"142,805.1 ns";300.27 ns;266.19 ns;"142,709.3 ns";1.9531;0.0000;0.0000;19264 B
DistanceSearch;DefaultJob;False;Default;Default;Default;Default;Default;Default;111111111111;Empty;RyuJit;Default;X64;8c5e7fda-e8bf-4a96-9a85-a6e23a8c635c;.NET 6.0;False;True;False;True;Default;Default;False;False;False;Default;Default;Default;Default;Default;Default;Default;Default;Default;Default;Default;Default;Default;Default;Default;Default;Default;16;Default;100;0.01;WorstCase;10;Center;"18,979.4 ns";94.92 ns;79.26 ns;"18,950.9 ns";0.0916;0.0000;0.0000;872 B
SectorGrid;DefaultJob;False;Default;Default;Default;Default;Default;Default;111111111111;Empty;RyuJit;Default;X64;8c5e7fda-e8bf-4a96-9a85-a6e23a8c635c;.NET 6.0;False;True;False;True;Default;Default;False;False;False;Default;Default;Default;Default;Default;Default;Default;Default;Default;Default;Default;Default;Default;Default;Default;Default;Default;16;Default;100;0.01;WorstCase;10;Center;"70,331.3 ns";728.49 ns;608.32 ns;"70,058.4 ns";6.7139;0.0000;0.0000;63304 B
BruteForce;DefaultJob;False;Default;Default;Default;Default;Default;Default;111111111111;Empty;RyuJit;Default;X64;8c5e7fda-e8bf-4a96-9a85-a6e23a8c635c;.NET 6.0;False;True;False;True;Default;Default;False;False;False;Default;Default;Default;Default;Default;Default;Default;Default;Default;Default;Default;Default;Default;Default;Default;Default;Default;16;Default;100;0.01;WorstCase;10;Corner;"3,748.2 ns";41.77 ns;32.61 ns;"3,732.6 ns";0.1106;0.0000;0.0000;1048 B
BFS;DefaultJob;False;Default;Default;Default;Default;Default;Default;111111111111;Empty;RyuJit;Default;X64;8c5e7fda-e8bf-4a96-9a85-a6e23a8c635c;.NET 6.0;False;True;False;True;Default;Default;False;False;False;Default;Default;Default;Default;Default;Default;Default;Default;Default;Default;Default;Default;Default;Default;Default;Default;Default;16;Default;100;0.01;WorstCase;10;Corner;"144,803.4 ns";"2,885.66 ns";"4,821.29 ns";"143,028.1 ns";1.4648;0.0000;0.0000;15144 B
DistanceSearch;DefaultJob;False;Default;Default;Default;Default;Default;Default;111111111111;Empty;RyuJit;Default;X64;8c5e7fda-e8bf-4a96-9a85-a6e23a8c635c;.NET 6.0;False;True;False;True;Default;Default;False;False;False;Default;Default;Default;Default;Default;Default;Default;Default;Default;Default;Default;Default;Default;Default;Default;Default;Default;16;Default;100;0.01;WorstCase;10;Corner;"23,133.2 ns";451.42 ns;463.58 ns;"23,003.3 ns";0.0916;0.0000;0.0000;872 B
SectorGrid;DefaultJob;False;Default;Default;Default;Default;Default;Default;111111111111;Empty;RyuJit;Default;X64;8c5e7fda-e8bf-4a96-9a85-a6e23a8c635c;.NET 6.0;False;True;False;True;Default;Default;False;False;False;Default;Default;Default;Default;Default;Default;Default;Default;Default;Default;Default;Default;Default;Default;Default;Default;Default;16;Default;100;0.01;WorstCase;10;Corner;"100,151.6 ns";"1,213.33 ns";"1,013.19 ns";"100,217.0 ns";25.0244;0.6104;0.0000;235680 B
BruteForce;DefaultJob;False;Default;Default;Default;Default;Default;Default;111111111111;Empty;RyuJit;Default;X64;8c5e7fda-e8bf-4a96-9a85-a6e23a8c635c;.NET 6.0;False;True;False;True;Default;Default;False;False;False;Default;Default;Default;Default;Default;Default;Default;Default;Default;Default;Default;Default;Default;Default;Default;Default;Default;16;Default;100;0.01;WorstCase;100;Center;"4,870.9 ns";18.30 ns;14.28 ns;"4,872.2 ns";0.8392;0.0076;0.0000;7936 B
BFS;DefaultJob;False;Default;Default;Default;Default;Default;Default;111111111111;Empty;RyuJit;Default;X64;8c5e7fda-e8bf-4a96-9a85-a6e23a8c635c;.NET 6.0;False;True;False;True;Default;Default;False;False;False;Default;Default;Default;Default;Default;Default;Default;Default;Default;Default;Default;Default;Default;Default;Default;Default;Default;16;Default;100;0.01;WorstCase;100;Center;"151,726.9 ns";"1,676.96 ns";"1,309.26 ns";"151,350.9 ns";2.6855;0.0000;0.0000;25800 B
DistanceSearch;DefaultJob;False;Default;Default;Default;Default;Default;Default;111111111111;Empty;RyuJit;Default;X64;8c5e7fda-e8bf-4a96-9a85-a6e23a8c635c;.NET 6.0;False;True;False;True;Default;Default;False;False;False;Default;Default;Default;Default;Default;Default;Default;Default;Default;Default;Default;Default;Default;Default;Default;Default;Default;16;Default;100;0.01;WorstCase;100;Center;"21,199.7 ns";218.37 ns;182.35 ns;"21,163.1 ns";0.7629;0.0000;0.0000;7408 B
SectorGrid;DefaultJob;False;Default;Default;Default;Default;Default;Default;111111111111;Empty;RyuJit;Default;X64;8c5e7fda-e8bf-4a96-9a85-a6e23a8c635c;.NET 6.0;False;True;False;True;Default;Default;False;False;False;Default;Default;Default;Default;Default;Default;Default;Default;Default;Default;Default;Default;Default;Default;Default;Default;Default;16;Default;100;0.01;WorstCase;100;Center;"72,859.6 ns";739.04 ns;691.30 ns;"72,768.8 ns";7.4463;0.1221;0.0000;70192 B
BruteForce;DefaultJob;False;Default;Default;Default;Default;Default;Default;111111111111;Empty;RyuJit;Default;X64;8c5e7fda-e8bf-4a96-9a85-a6e23a8c635c;.NET 6.0;False;True;False;True;Default;Default;False;False;False;Default;Default;Default;Default;Default;Default;Default;Default;Default;Default;Default;Default;Default;Default;Default;Default;Default;16;Default;100;0.01;WorstCase;100;Corner;"5,169.0 ns";87.39 ns;77.47 ns;"5,151.0 ns";0.8392;0.0076;0.0000;7936 B
BFS;DefaultJob;False;Default;Default;Default;Default;Default;Default;111111111111;Empty;RyuJit;Default;X64;8c5e7fda-e8bf-4a96-9a85-a6e23a8c635c;.NET 6.0;False;True;False;True;Default;Default;False;False;False;Default;Default;Default;Default;Default;Default;Default;Default;Default;Default;Default;Default;Default;Default;Default;Default;Default;16;Default;100;0.01;WorstCase;100;Corner;"146,620.3 ns";"2,175.84 ns";"1,816.92 ns";"146,804.4 ns";2.1973;0.0000;0.0000;21680 B
DistanceSearch;DefaultJob;False;Default;Default;Default;Default;Default;Default;111111111111;Empty;RyuJit;Default;X64;8c5e7fda-e8bf-4a96-9a85-a6e23a8c635c;.NET 6.0;False;True;False;True;Default;Default;False;False;False;Default;Default;Default;Default;Default;Default;Default;Default;Default;Default;Default;Default;Default;Default;Default;Default;Default;16;Default;100;0.01;WorstCase;100;Corner;"24,333.7 ns";242.26 ns;189.14 ns;"24,274.3 ns";0.7629;0.0000;0.0000;7408 B
SectorGrid;DefaultJob;False;Default;Default;Default;Default;Default;Default;111111111111;Empty;RyuJit;Default;X64;8c5e7fda-e8bf-4a96-9a85-a6e23a8c635c;.NET 6.0;False;True;False;True;Default;Default;False;False;False;Default;Default;Default;Default;Default;Default;Default;Default;Default;Default;Default;Default;Default;Default;Default;Default;Default;16;Default;100;0.01;WorstCase;100;Corner;"105,746.6 ns";"2,083.93 ns";"3,757.76 ns";"105,334.4 ns";25.7568;0.9766;0.0000;242568 B
BruteForce;DefaultJob;False;Default;Default;Default;Default;Default;Default;111111111111;Empty;RyuJit;Default;X64;8c5e7fda-e8bf-4a96-9a85-a6e23a8c635c;.NET 6.0;False;True;False;True;Default;Default;False;False;False;Default;Default;Default;Default;Default;Default;Default;Default;Default;Default;Default;Default;Default;Default;Default;Default;Default;16;Default;100;0.1;Random;10;Center;"40,405.5 ns";180.12 ns;140.62 ns;"40,393.0 ns";0.0610;0.0000;0.0000;1048 B
BFS;DefaultJob;False;Default;Default;Default;Default;Default;Default;111111111111;Empty;RyuJit;Default;X64;8c5e7fda-e8bf-4a96-9a85-a6e23a8c635c;.NET 6.0;False;True;False;True;Default;Default;False;False;False;Default;Default;Default;Default;Default;Default;Default;Default;Default;Default;Default;Default;Default;Default;Default;Default;Default;16;Default;100;0.1;Random;10;Center;"3,191.7 ns";15.71 ns;13.12 ns;"3,189.6 ns";1.3885;0.0534;0.0000;13072 B
DistanceSearch;DefaultJob;False;Default;Default;Default;Default;Default;Default;111111111111;Empty;RyuJit;Default;X64;8c5e7fda-e8bf-4a96-9a85-a6e23a8c635c;.NET 6.0;False;True;False;True;Default;Default;False;False;False;Default;Default;Default;Default;Default;Default;Default;Default;Default;Default;Default;Default;Default;Default;Default;Default;Default;16;Default;100;0.1;Random;10;Center;539.8 ns;4.75 ns;3.96 ns;539.5 ns;0.1097;0.0000;0.0000;1032 B
SectorGrid;DefaultJob;False;Default;Default;Default;Default;Default;Default;111111111111;Empty;RyuJit;Default;X64;8c5e7fda-e8bf-4a96-9a85-a6e23a8c635c;.NET 6.0;False;True;False;True;Default;Default;False;False;False;Default;Default;Default;Default;Default;Default;Default;Default;Default;Default;Default;Default;Default;Default;Default;Default;Default;16;Default;100;0.1;Random;10;Center;"4,838.1 ns";26.77 ns;23.73 ns;"4,827.1 ns";0.4196;0.0000;0.0000;3960 B
BruteForce;DefaultJob;False;Default;Default;Default;Default;Default;Default;111111111111;Empty;RyuJit;Default;X64;8c5e7fda-e8bf-4a96-9a85-a6e23a8c635c;.NET 6.0;False;True;False;True;Default;Default;False;False;False;Default;Default;Default;Default;Default;Default;Default;Default;Default;Default;Default;Default;Default;Default;Default;Default;Default;16;Default;100;0.1;Random;10;Corner;"34,818.4 ns";190.23 ns;148.52 ns;"34,769.8 ns";0.0610;0.0000;0.0000;1048 B
BFS;DefaultJob;False;Default;Default;Default;Default;Default;Default;111111111111;Empty;RyuJit;Default;X64;8c5e7fda-e8bf-4a96-9a85-a6e23a8c635c;.NET 6.0;False;True;False;True;Default;Default;False;False;False;Default;Default;Default;Default;Default;Default;Default;Default;Default;Default;Default;Default;Default;Default;Default;Default;Default;16;Default;100;0.1;Random;10;Corner;"2,057.5 ns";18.13 ns;15.14 ns;"2,056.6 ns";1.2169;0.0458;0.0000;11488 B
DistanceSearch;DefaultJob;False;Default;Default;Default;Default;Default;Default;111111111111;Empty;RyuJit;Default;X64;8c5e7fda-e8bf-4a96-9a85-a6e23a8c635c;.NET 6.0;False;True;False;True;Default;Default;False;False;False;Default;Default;Default;Default;Default;Default;Default;Default;Default;Default;Default;Default;Default;Default;Default;Default;Default;16;Default;100;0.1;Random;10;Corner;424.2 ns;7.97 ns;7.45 ns;421.8 ns;0.0925;0.0000;0.0000;872 B
SectorGrid;DefaultJob;False;Default;Default;Default;Default;Default;Default;111111111111;Empty;RyuJit;Default;X64;8c5e7fda-e8bf-4a96-9a85-a6e23a8c635c;.NET 6.0;False;True;False;True;Default;Default;False;False;False;Default;Default;Default;Default;Default;Default;Default;Default;Default;Default;Default;Default;Default;Default;Default;Default;Default;16;Default;100;0.1;Random;10;Corner;"3,424.6 ns";47.74 ns;39.87 ns;"3,436.9 ns";0.6638;0.0000;0.0000;6248 B
BruteForce;DefaultJob;False;Default;Default;Default;Default;Default;Default;111111111111;Empty;RyuJit;Default;X64;8c5e7fda-e8bf-4a96-9a85-a6e23a8c635c;.NET 6.0;False;True;False;True;Default;Default;False;False;False;Default;Default;Default;Default;Default;Default;Default;Default;Default;Default;Default;Default;Default;Default;Default;Default;Default;16;Default;100;0.1;Random;100;Center;"88,553.3 ns";573.46 ns;536.41 ns;"88,320.9 ns";0.7324;0.0000;0.0000;7936 B
BFS;DefaultJob;False;Default;Default;Default;Default;Default;Default;111111111111;Empty;RyuJit;Default;X64;8c5e7fda-e8bf-4a96-9a85-a6e23a8c635c;.NET 6.0;False;True;False;True;Default;Default;False;False;False;Default;Default;Default;Default;Default;Default;Default;Default;Default;Default;Default;Default;Default;Default;Default;Default;Default;16;Default;100;0.1;Random;100;Center;"19,359.3 ns";330.60 ns;276.06 ns;"19,356.7 ns";2.2888;0.1221;0.0000;21680 B
DistanceSearch;DefaultJob;False;Default;Default;Default;Default;Default;Default;111111111111;Empty;RyuJit;Default;X64;8c5e7fda-e8bf-4a96-9a85-a6e23a8c635c;.NET 6.0;False;True;False;True;Default;Default;False;False;False;Default;Default;Default;Default;Default;Default;Default;Default;Default;Default;Default;Default;Default;Default;Default;Default;Default;16;Default;100;0.1;Random;100;Center;"3,065.4 ns";49.39 ns;41.24 ns;"3,056.4 ns";0.7858;0.0153;0.0000;7408 B
SectorGrid;DefaultJob;False;Default;Default;Default;Default;Default;Default;111111111111;Empty;RyuJit;Default;X64;8c5e7fda-e8bf-4a96-9a85-a6e23a8c635c;.NET 6.0;False;True;False;True;Default;Default;False;False;False;Default;Default;Default;Default;Default;Default;Default;Default;Default;Default;Default;Default;Default;Default;Default;Default;Default;16;Default;100;0.1;Random;100;Center;"28,614.3 ns";491.75 ns;435.93 ns;"28,396.7 ns";2.4414;0.0305;0.0000;23048 B
BruteForce;DefaultJob;False;Default;Default;Default;Default;Default;Default;111111111111;Empty;RyuJit;Default;X64;8c5e7fda-e8bf-4a96-9a85-a6e23a8c635c;.NET 6.0;False;True;False;True;Default;Default;False;False;False;Default;Default;Default;Default;Default;Default;Default;Default;Default;Default;Default;Default;Default;Default;Default;Default;Default;16;Default;100;0.1;Random;100;Corner;"69,885.2 ns";616.06 ns;514.43 ns;"69,625.4 ns";0.7324;0.0000;0.0000;7936 B
BFS;DefaultJob;False;Default;Default;Default;Default;Default;Default;111111111111;Empty;RyuJit;Default;X64;8c5e7fda-e8bf-4a96-9a85-a6e23a8c635c;.NET 6.0;False;True;False;True;Default;Default;False;False;False;Default;Default;Default;Default;Default;Default;Default;Default;Default;Default;Default;Default;Default;Default;Default;Default;Default;16;Default;100;0.1;Random;100;Corner;"17,144.9 ns";201.11 ns;178.28 ns;"17,089.7 ns";2.0752;0.0916;0.0000;19608 B
DistanceSearch;DefaultJob;False;Default;Default;Default;Default;Default;Default;111111111111;Empty;RyuJit;Default;X64;8c5e7fda-e8bf-4a96-9a85-a6e23a8c635c;.NET 6.0;False;True;False;True;Default;Default;False;False;False;Default;Default;Default;Default;Default;Default;Default;Default;Default;Default;Default;Default;Default;Default;Default;Default;Default;16;Default;100;0.1;Random;100;Corner;"3,383.2 ns";33.04 ns;29.29 ns;"3,375.9 ns";0.7896;0.0153;0.0000;7440 B
SectorGrid;DefaultJob;False;Default;Default;Default;Default;Default;Default;111111111111;Empty;RyuJit;Default;X64;8c5e7fda-e8bf-4a96-9a85-a6e23a8c635c;.NET 6.0;False;True;False;True;Default;Default;False;False;False;Default;Default;Default;Default;Default;Default;Default;Default;Default;Default;Default;Default;Default;Default;Default;Default;Default;16;Default;100;0.1;Random;100;Corner;"34,357.3 ns";286.52 ns;223.69 ns;"34,268.9 ns";6.0425;0.1221;0.0000;57400 B
BruteForce;DefaultJob;False;Default;Default;Default;Default;Default;Default;111111111111;Empty;RyuJit;Default;X64;8c5e7fda-e8bf-4a96-9a85-a6e23a8c635c;.NET 6.0;False;True;False;True;Default;Default;False;False;False;Default;Default;Default;Default;Default;Default;Default;Default;Default;Default;Default;Default;Default;Default;Default;Default;Default;16;Default;100;0.1;WorstCase;10;Center;"32,650.8 ns";305.90 ns;271.17 ns;"32,651.9 ns";0.0610;0.0000;0.0000;1048 B
BFS;DefaultJob;False;Default;Default;Default;Default;Default;Default;111111111111;Empty;RyuJit;Default;X64;8c5e7fda-e8bf-4a96-9a85-a6e23a8c635c;.NET 6.0;False;True;False;True;Default;Default;False;False;False;Default;Default;Default;Default;Default;Default;Default;Default;Default;Default;Default;Default;Default;Default;Default;Default;Default;16;Default;100;0.1;WorstCase;10;Center;"52,582.8 ns";704.55 ns;588.33 ns;"52,412.4 ns";2.0142;0.0610;0.0000;19264 B
DistanceSearch;DefaultJob;False;Default;Default;Default;Default;Default;Default;111111111111;Empty;RyuJit;Default;X64;8c5e7fda-e8bf-4a96-9a85-a6e23a8c635c;.NET 6.0;False;True;False;True;Default;Default;False;False;False;Default;Default;Default;Default;Default;Default;Default;Default;Default;Default;Default;Default;Default;Default;Default;Default;Default;16;Default;100;0.1;WorstCase;10;Center;"7,251.8 ns";91.40 ns;81.02 ns;"7,217.4 ns";0.0916;0.0000;0.0000;872 B
SectorGrid;DefaultJob;False;Default;Default;Default;Default;Default;Default;111111111111;Empty;RyuJit;Default;X64;8c5e7fda-e8bf-4a96-9a85-a6e23a8c635c;.NET 6.0;False;True;False;True;Default;Default;False;False;False;Default;Default;Default;Default;Default;Default;Default;Default;Default;Default;Default;Default;Default;Default;Default;Default;Default;16;Default;100;0.1;WorstCase;10;Center;"63,273.4 ns";888.74 ns;787.85 ns;"62,942.0 ns";4.8828;0.0000;0.0000;46248 B
BruteForce;DefaultJob;False;Default;Default;Default;Default;Default;Default;111111111111;Empty;RyuJit;Default;X64;8c5e7fda-e8bf-4a96-9a85-a6e23a8c635c;.NET 6.0;False;True;False;True;Default;Default;False;False;False;Default;Default;Default;Default;Default;Default;Default;Default;Default;Default;Default;Default;Default;Default;Default;Default;Default;16;Default;100;0.1;WorstCase;10;Corner;"33,595.1 ns";423.84 ns;353.92 ns;"33,550.8 ns";0.0610;0.0000;0.0000;1048 B
BFS;DefaultJob;False;Default;Default;Default;Default;Default;Default;111111111111;Empty;RyuJit;Default;X64;8c5e7fda-e8bf-4a96-9a85-a6e23a8c635c;.NET 6.0;False;True;False;True;Default;Default;False;False;False;Default;Default;Default;Default;Default;Default;Default;Default;Default;Default;Default;Default;Default;Default;Default;Default;Default;16;Default;100;0.1;WorstCase;10;Corner;"124,524.2 ns";"1,415.17 ns";"1,254.51 ns";"123,840.1 ns";1.4648;0.0000;0.0000;15144 B
DistanceSearch;DefaultJob;False;Default;Default;Default;Default;Default;Default;111111111111;Empty;RyuJit;Default;X64;8c5e7fda-e8bf-4a96-9a85-a6e23a8c635c;.NET 6.0;False;True;False;True;Default;Default;False;False;False;Default;Default;Default;Default;Default;Default;Default;Default;Default;Default;Default;Default;Default;Default;Default;Default;Default;16;Default;100;0.1;WorstCase;10;Corner;"19,022.7 ns";284.13 ns;237.26 ns;"18,942.4 ns";0.0916;0.0000;0.0000;872 B
SectorGrid;DefaultJob;False;Default;Default;Default;Default;Default;Default;111111111111;Empty;RyuJit;Default;X64;8c5e7fda-e8bf-4a96-9a85-a6e23a8c635c;.NET 6.0;False;True;False;True;Default;Default;False;False;False;Default;Default;Default;Default;Default;Default;Default;Default;Default;Default;Default;Default;Default;Default;Default;Default;Default;16;Default;100;0.1;WorstCase;10;Corner;"134,256.1 ns";"2,564.65 ns";"2,518.83 ns";"133,953.3 ns";24.9023;0.4883;0.0000;235680 B
BruteForce;DefaultJob;False;Default;Default;Default;Default;Default;Default;111111111111;Empty;RyuJit;Default;X64;8c5e7fda-e8bf-4a96-9a85-a6e23a8c635c;.NET 6.0;False;True;False;True;Default;Default;False;False;False;Default;Default;Default;Default;Default;Default;Default;Default;Default;Default;Default;Default;Default;Default;Default;Default;Default;16;Default;100;0.1;WorstCase;100;Center;"77,782.9 ns";"1,047.10 ns";874.38 ns;"77,434.5 ns";0.7324;0.0000;0.0000;7936 B
BFS;DefaultJob;False;Default;Default;Default;Default;Default;Default;111111111111;Empty;RyuJit;Default;X64;8c5e7fda-e8bf-4a96-9a85-a6e23a8c635c;.NET 6.0;False;True;False;True;Default;Default;False;False;False;Default;Default;Default;Default;Default;Default;Default;Default;Default;Default;Default;Default;Default;Default;Default;Default;Default;16;Default;100;0.1;WorstCase;100;Center;"80,264.9 ns";524.73 ns;409.67 ns;"80,131.7 ns";2.6855;0.1221;0.0000;25800 B
DistanceSearch;DefaultJob;False;Default;Default;Default;Default;Default;Default;111111111111;Empty;RyuJit;Default;X64;8c5e7fda-e8bf-4a96-9a85-a6e23a8c635c;.NET 6.0;False;True;False;True;Default;Default;False;False;False;Default;Default;Default;Default;Default;Default;Default;Default;Default;Default;Default;Default;Default;Default;Default;Default;Default;16;Default;100;0.1;WorstCase;100;Center;"12,219.9 ns";194.48 ns;162.40 ns;"12,150.5 ns";0.7935;0.0153;0.0000;7568 B
SectorGrid;DefaultJob;False;Default;Default;Default;Default;Default;Default;111111111111;Empty;RyuJit;Default;X64;8c5e7fda-e8bf-4a96-9a85-a6e23a8c635c;.NET 6.0;False;True;False;True;Default;Default;False;False;False;Default;Default;Default;Default;Default;Default;Default;Default;Default;Default;Default;Default;Default;Default;Default;Default;Default;16;Default;100;0.1;WorstCase;100;Center;"121,606.5 ns";"2,389.85 ns";"3,577.01 ns";"120,152.4 ns";7.4463;0.1221;0.0000;70192 B
BruteForce;DefaultJob;False;Default;Default;Default;Default;Default;Default;111111111111;Empty;RyuJit;Default;X64;8c5e7fda-e8bf-4a96-9a85-a6e23a8c635c;.NET 6.0;False;True;False;True;Default;Default;False;False;False;Default;Default;Default;Default;Default;Default;Default;Default;Default;Default;Default;Default;Default;Default;Default;Default;Default;16;Default;100;0.1;WorstCase;100;Corner;"71,613.5 ns";854.90 ns;667.45 ns;"71,403.8 ns";0.7324;0.0000;0.0000;7936 B
BFS;DefaultJob;False;Default;Default;Default;Default;Default;Default;111111111111;Empty;RyuJit;Default;X64;8c5e7fda-e8bf-4a96-9a85-a6e23a8c635c;.NET 6.0;False;True;False;True;Default;Default;False;False;False;Default;Default;Default;Default;Default;Default;Default;Default;Default;Default;Default;Default;Default;Default;Default;Default;Default;16;Default;100;0.1;WorstCase;100;Corner;"130,973.0 ns";"2,619.41 ns";"3,839.50 ns";"129,292.8 ns";2.1973;0.0000;0.0000;21680 B
DistanceSearch;DefaultJob;False;Default;Default;Default;Default;Default;Default;111111111111;Empty;RyuJit;Default;X64;8c5e7fda-e8bf-4a96-9a85-a6e23a8c635c;.NET 6.0;False;True;False;True;Default;Default;False;False;False;Default;Default;Default;Default;Default;Default;Default;Default;Default;Default;Default;Default;Default;Default;Default;Default;Default;16;Default;100;0.1;WorstCase;100;Corner;"21,719.8 ns";126.36 ns;98.65 ns;"21,687.4 ns";0.8240;0.0000;0.0000;7824 B
SectorGrid;DefaultJob;False;Default;Default;Default;Default;Default;Default;111111111111;Empty;RyuJit;Default;X64;8c5e7fda-e8bf-4a96-9a85-a6e23a8c635c;.NET 6.0;False;True;False;True;Default;Default;False;False;False;Default;Default;Default;Default;Default;Default;Default;Default;Default;Default;Default;Default;Default;Default;Default;Default;Default;16;Default;100;0.1;WorstCase;100;Corner;"151,478.4 ns";"2,438.62 ns";"2,161.78 ns";"150,958.8 ns";25.6348;0.9766;0.0000;242568 B
BruteForce;DefaultJob;False;Default;Default;Default;Default;Default;Default;111111111111;Empty;RyuJit;Default;X64;8c5e7fda-e8bf-4a96-9a85-a6e23a8c635c;.NET 6.0;False;True;False;True;Default;Default;False;False;False;Default;Default;Default;Default;Default;Default;Default;Default;Default;Default;Default;Default;Default;Default;Default;Default;Default;16;Default;500;0.01;Random;10;Center;"110,096.2 ns";750.64 ns;586.05 ns;"110,051.5 ns";0.0000;0.0000;0.0000;1048 B
BFS;DefaultJob;False;Default;Default;Default;Default;Default;Default;111111111111;Empty;RyuJit;Default;X64;8c5e7fda-e8bf-4a96-9a85-a6e23a8c635c;.NET 6.0;False;True;False;True;Default;Default;False;False;False;Default;Default;Default;Default;Default;Default;Default;Default;Default;Default;Default;Default;Default;Default;Default;Default;Default;16;Default;500;0.01;Random;10;Center;"33,361.8 ns";742.72 ns;"2,142.93 ns";"32,283.8 ns";29.2358;28.6865;28.6865;255230 B
DistanceSearch;DefaultJob;False;Default;Default;Default;Default;Default;Default;111111111111;Empty;RyuJit;Default;X64;8c5e7fda-e8bf-4a96-9a85-a6e23a8c635c;.NET 6.0;False;True;False;True;Default;Default;False;False;False;Default;Default;Default;Default;Default;Default;Default;Default;Default;Default;Default;Default;Default;Default;Default;Default;Default;16;Default;500;0.01;Random;10;Center;"2,095.2 ns";34.37 ns;28.70 ns;"2,082.7 ns";0.0916;0.0000;0.0000;872 B
SectorGrid;DefaultJob;False;Default;Default;Default;Default;Default;Default;111111111111;Empty;RyuJit;Default;X64;8c5e7fda-e8bf-4a96-9a85-a6e23a8c635c;.NET 6.0;False;True;False;True;Default;Default;False;False;False;Default;Default;Default;Default;Default;Default;Default;Default;Default;Default;Default;Default;Default;Default;Default;Default;Default;16;Default;500;0.01;Random;10;Center;"3,932.1 ns";78.34 ns;73.28 ns;"3,908.2 ns";0.4196;0.0000;0.0000;3960 B
BruteForce;DefaultJob;False;Default;Default;Default;Default;Default;Default;111111111111;Empty;RyuJit;Default;X64;8c5e7fda-e8bf-4a96-9a85-a6e23a8c635c;.NET 6.0;False;True;False;True;Default;Default;False;False;False;Default;Default;Default;Default;Default;Default;Default;Default;Default;Default;Default;Default;Default;Default;Default;Default;Default;16;Default;500;0.01;Random;10;Corner;"90,978.8 ns";587.06 ns;490.22 ns;"90,811.2 ns";0.0000;0.0000;0.0000;1048 B
BFS;DefaultJob;False;Default;Default;Default;Default;Default;Default;111111111111;Empty;RyuJit;Default;X64;8c5e7fda-e8bf-4a96-9a85-a6e23a8c635c;.NET 6.0;False;True;False;True;Default;Default;False;False;False;Default;Default;Default;Default;Default;Default;Default;Default;Default;Default;Default;Default;Default;Default;Default;Default;Default;16;Default;500;0.01;Random;10;Corner;"40,126.2 ns";766.13 ns;940.88 ns;"40,159.1 ns";34.3628;33.9966;33.9966;253189 B
DistanceSearch;DefaultJob;False;Default;Default;Default;Default;Default;Default;111111111111;Empty;RyuJit;Default;X64;8c5e7fda-e8bf-4a96-9a85-a6e23a8c635c;.NET 6.0;False;True;False;True;Default;Default;False;False;False;Default;Default;Default;Default;Default;Default;Default;Default;Default;Default;Default;Default;Default;Default;Default;Default;Default;16;Default;500;0.01;Random;10;Corner;"3,711.5 ns";34.95 ns;29.19 ns;"3,695.7 ns";0.0916;0.0000;0.0000;872 B
SectorGrid;DefaultJob;False;Default;Default;Default;Default;Default;Default;111111111111;Empty;RyuJit;Default;X64;8c5e7fda-e8bf-4a96-9a85-a6e23a8c635c;.NET 6.0;False;True;False;True;Default;Default;False;False;False;Default;Default;Default;Default;Default;Default;Default;Default;Default;Default;Default;Default;Default;Default;Default;Default;Default;16;Default;500;0.01;Random;10;Corner;"7,372.8 ns";57.62 ns;44.99 ns;"7,356.3 ns";1.4801;0.0076;0.0000;13968 B
BruteForce;DefaultJob;False;Default;Default;Default;Default;Default;Default;111111111111;Empty;RyuJit;Default;X64;8c5e7fda-e8bf-4a96-9a85-a6e23a8c635c;.NET 6.0;False;True;False;True;Default;Default;False;False;False;Default;Default;Default;Default;Default;Default;Default;Default;Default;Default;Default;Default;Default;Default;Default;Default;Default;16;Default;500;0.01;Random;100;Center;"202,662.0 ns";679.57 ns;567.47 ns;"202,451.3 ns";0.7324;0.0000;0.0000;7936 B
BFS;DefaultJob;False;Default;Default;Default;Default;Default;Default;111111111111;Empty;RyuJit;Default;X64;8c5e7fda-e8bf-4a96-9a85-a6e23a8c635c;.NET 6.0;False;True;False;True;Default;Default;False;False;False;Default;Default;Default;Default;Default;Default;Default;Default;Default;Default;Default;Default;Default;Default;Default;Default;Default;16;Default;500;0.01;Random;100;Center;"201,307.1 ns";"1,412.13 ns";"1,251.82 ns";"200,872.0 ns";64.6973;62.0117;62.0117;274212 B
DistanceSearch;DefaultJob;False;Default;Default;Default;Default;Default;Default;111111111111;Empty;RyuJit;Default;X64;8c5e7fda-e8bf-4a96-9a85-a6e23a8c635c;.NET 6.0;False;True;False;True;Default;Default;False;False;False;Default;Default;Default;Default;Default;Default;Default;Default;Default;Default;Default;Default;Default;Default;Default;Default;Default;16;Default;500;0.01;Random;100;Center;"25,249.2 ns";355.24 ns;314.91 ns;"25,122.5 ns";0.7629;0.0000;0.0000;7408 B
SectorGrid;DefaultJob;False;Default;Default;Default;Default;Default;Default;111111111111;Empty;RyuJit;Default;X64;8c5e7fda-e8bf-4a96-9a85-a6e23a8c635c;.NET 6.0;False;True;False;True;Default;Default;False;False;False;Default;Default;Default;Default;Default;Default;Default;Default;Default;Default;Default;Default;Default;Default;Default;Default;Default;16;Default;500;0.01;Random;100;Center;"43,895.3 ns";636.27 ns;496.76 ns;"43,767.5 ns";3.3569;0.0610;0.0000;31816 B
BruteForce;DefaultJob;False;Default;Default;Default;Default;Default;Default;111111111111;Empty;RyuJit;Default;X64;8c5e7fda-e8bf-4a96-9a85-a6e23a8c635c;.NET 6.0;False;True;False;True;Default;Default;False;False;False;Default;Default;Default;Default;Default;Default;Default;Default;Default;Default;Default;Default;Default;Default;Default;Default;Default;16;Default;500;0.01;Random;100;Corner;"164,541.6 ns";"3,096.27 ns";"2,744.76 ns";"163,467.1 ns";0.7324;0.0000;0.0000;7936 B
BFS;DefaultJob;False;Default;Default;Default;Default;Default;Default;111111111111;Empty;RyuJit;Default;X64;8c5e7fda-e8bf-4a96-9a85-a6e23a8c635c;.NET 6.0;False;True;False;True;Default;Default;False;False;False;Default;Default;Default;Default;Default;Default;Default;Default;Default;Default;Default;Default;Default;Default;Default;Default;Default;16;Default;500;0.01;Random;100;Corner;"176,166.6 ns";"3,519.25 ns";"8,086.05 ns";"172,327.1 ns";63.2324;61.5234;61.5234;266005 B
DistanceSearch;DefaultJob;False;Default;Default;Default;Default;Default;Default;111111111111;Empty;RyuJit;Default;X64;8c5e7fda-e8bf-4a96-9a85-a6e23a8c635c;.NET 6.0;False;True;False;True;Default;Default;False;False;False;Default;Default;Default;Default;Default;Default;Default;Default;Default;Default;Default;Default;Default;Default;Default;Default;Default;16;Default;500;0.01;Random;100;Corner;"24,860.5 ns";462.40 ns;432.53 ns;"24,593.0 ns";0.7629;0.0000;0.0000;7408 B
SectorGrid;DefaultJob;False;Default;Default;Default;Default;Default;Default;111111111111;Empty;RyuJit;Default;X64;8c5e7fda-e8bf-4a96-9a85-a6e23a8c635c;.NET 6.0;False;True;False;True;Default;Default;False;False;False;Default;Default;Default;Default;Default;Default;Default;Default;Default;Default;Default;Default;Default;Default;Default;Default;Default;16;Default;500;0.01;Random;100;Corner;"46,191.2 ns";228.33 ns;202.41 ns;"46,181.5 ns";8.7891;0.1831;0.0000;82984 B
BruteForce;DefaultJob;False;Default;Default;Default;Default;Default;Default;111111111111;Empty;RyuJit;Default;X64;8c5e7fda-e8bf-4a96-9a85-a6e23a8c635c;.NET 6.0;False;True;False;True;Default;Default;False;False;False;Default;Default;Default;Default;Default;Default;Default;Default;Default;Default;Default;Default;Default;Default;Default;Default;Default;16;Default;500;0.01;WorstCase;10;Center;"79,777.7 ns";"1,512.47 ns";"1,553.20 ns";"79,081.1 ns";0.0000;0.0000;0.0000;1048 B
BFS;DefaultJob;False;Default;Default;Default;Default;Default;Default;111111111111;Empty;RyuJit;Default;X64;8c5e7fda-e8bf-4a96-9a85-a6e23a8c635c;.NET 6.0;False;True;False;True;Default;Default;False;False;False;Default;Default;Default;Default;Default;Default;Default;Default;Default;Default;Default;Default;Default;Default;Default;Default;Default;16;Default;500;0.01;WorstCase;10;Center;"3,426,454.0 ns";"38,014.73 ns";"31,744.02 ns";"3,421,377.0 ns";62.5000;62.5000;62.5000;284410 B
DistanceSearch;DefaultJob;False;Default;Default;Default;Default;Default;Default;111111111111;Empty;RyuJit;Default;X64;8c5e7fda-e8bf-4a96-9a85-a6e23a8c635c;.NET 6.0;False;True;False;True;Default;Default;False;False;False;Default;Default;Default;Default;Default;Default;Default;Default;Default;Default;Default;Default;Default;Default;Default;Default;Default;16;Default;500;0.01;WorstCase;10;Center;"474,146.4 ns";"3,767.32 ns";"2,941.27 ns";"472,919.4 ns";0.0000;0.0000;0.0000;872 B
SectorGrid;DefaultJob;False;Default;Default;Default;Default;Default;Default;111111111111;Empty;RyuJit;Default;X64;8c5e7fda-e8bf-4a96-9a85-a6e23a8c635c;.NET 6.0;False;True;False;True;Default;Default;False;False;False;Default;Default;Default;Default;Default;Default;Default;Default;Default;Default;Default;Default;Default;Default;Default;Default;Default;16;Default;500;0.01;WorstCase;10;Center;"332,346.7 ns";"1,819.38 ns";"1,612.83 ns";"332,521.0 ns";25.8789;0.4883;0.0000;244064 B
BruteForce;DefaultJob;False;Default;Default;Default;Default;Default;Default;111111111111;Empty;RyuJit;Default;X64;8c5e7fda-e8bf-4a96-9a85-a6e23a8c635c;.NET 6.0;False;True;False;True;Default;Default;False;False;False;Default;Default;Default;Default;Default;Default;Default;Default;Default;Default;Default;Default;Default;Default;Default;Default;Default;16;Default;500;0.01;WorstCase;10;Corner;"82,099.9 ns";"1,623.65 ns";"1,869.79 ns";"81,504.2 ns";0.0000;0.0000;0.0000;1048 B
BFS;DefaultJob;False;Default;Default;Default;Default;Default;Default;111111111111;Empty;RyuJit;Default;X64;8c5e7fda-e8bf-4a96-9a85-a6e23a8c635c;.NET 6.0;False;True;False;True;Default;Default;False;False;False;Default;Default;Default;Default;Default;Default;Default;Default;Default;Default;Default;Default;Default;Default;Default;Default;Default;16;Default;500;0.01;WorstCase;10;Corner;"3,956,864.5 ns";"78,663.52 ns";"185,419.19 ns";"3,861,791.4 ns";54.6875;54.6875;54.6875;267937 B
DistanceSearch;DefaultJob;False;Default;Default;Default;Default;Default;Default;111111111111;Empty;RyuJit;Default;X64;8c5e7fda-e8bf-4a96-9a85-a6e23a8c635c;.NET 6.0;False;True;False;True;Default;Default;False;False;False;Default;Default;Default;Default;Default;Default;Default;Default;Default;Default;Default;Default;Default;Default;Default;Default;Default;16;Default;500;0.01;WorstCase;10;Corner;"600,179.0 ns";"4,156.18 ns";"3,470.60 ns";"599,831.0 ns";0.0000;0.0000;0.0000;872 B
SectorGrid;DefaultJob;False;Default;Default;Default;Default;Default;Default;111111111111;Empty;RyuJit;Default;X64;8c5e7fda-e8bf-4a96-9a85-a6e23a8c635c;.NET 6.0;False;True;False;True;Default;Default;False;False;False;Default;Default;Default;Default;Default;Default;Default;Default;Default;Default;Default;Default;Default;Default;Default;Default;Default;16;Default;500;0.01;WorstCase;10;Corner;"455,302.8 ns";"9,050.11 ns";"7,065.73 ns";"453,221.5 ns";100.0977;4.8828;0.0000;942440 B
BruteForce;DefaultJob;False;Default;Default;Default;Default;Default;Default;111111111111;Empty;RyuJit;Default;X64;8c5e7fda-e8bf-4a96-9a85-a6e23a8c635c;.NET 6.0;False;True;False;True;Default;Default;False;False;False;Default;Default;Default;Default;Default;Default;Default;Default;Default;Default;Default;Default;Default;Default;Default;Default;Default;16;Default;500;0.01;WorstCase;100;Center;"190,365.4 ns";"1,987.56 ns";"1,859.16 ns";"189,596.3 ns";0.7324;0.0000;0.0000;7936 B
BFS;DefaultJob;False;Default;Default;Default;Default;Default;Default;111111111111;Empty;RyuJit;Default;X64;8c5e7fda-e8bf-4a96-9a85-a6e23a8c635c;.NET 6.0;False;True;False;True;Default;Default;False;False;False;Default;Default;Default;Default;Default;Default;Default;Default;Default;Default;Default;Default;Default;Default;Default;Default;Default;16;Default;500;0.01;WorstCase;100;Center;"3,483,198.6 ns";"26,741.28 ns";"22,330.18 ns";"3,481,700.8 ns";54.6875;54.6875;54.6875;290726 B
DistanceSearch;DefaultJob;False;Default;Default;Default;Default;Default;Default;111111111111;Empty;RyuJit;Default;X64;8c5e7fda-e8bf-4a96-9a85-a6e23a8c635c;.NET 6.0;False;True;False;True;Default;Default;False;False;False;Default;Default;Default;Default;Default;Default;Default;Default;Default;Default;Default;Default;Default;Default;Default;Default;Default;16;Default;500;0.01;WorstCase;100;Center;"482,636.7 ns";"8,258.36 ns";"6,447.58 ns";"480,099.6 ns";0.4883;0.0000;0.0000;7568 B
SectorGrid;DefaultJob;False;Default;Default;Default;Default;Default;Default;111111111111;Empty;RyuJit;Default;X64;8c5e7fda-e8bf-4a96-9a85-a6e23a8c635c;.NET 6.0;False;True;False;True;Default;Default;False;False;False;Default;Default;Default;Default;Default;Default;Default;Default;Default;Default;Default;Default;Default;Default;Default;Default;Default;16;Default;500;0.01;WorstCase;100;Center;"422,747.5 ns";661.05 ns;516.10 ns;"422,620.5 ns";26.3672;0.9766;0.0000;250952 B
BruteForce;DefaultJob;False;Default;Default;Default;Default;Default;Default;111111111111;Empty;RyuJit;Default;X64;8c5e7fda-e8bf-4a96-9a85-a6e23a8c635c;.NET 6.0;False;True;False;True;Default;Default;False;False;False;Default;Default;Default;Default;Default;Default;Default;Default;Default;Default;Default;Default;Default;Default;Default;Default;Default;16;Default;500;0.01;WorstCase;100;Corner;"179,091.3 ns";215.86 ns;180.25 ns;"179,087.9 ns";0.7324;0.0000;0.0000;7936 B
BFS;DefaultJob;False;Default;Default;Default;Default;Default;Default;111111111111;Empty;RyuJit;Default;X64;8c5e7fda-e8bf-4a96-9a85-a6e23a8c635c;.NET 6.0;False;True;False;True;Default;Default;False;False;False;Default;Default;Default;Default;Default;Default;Default;Default;Default;Default;Default;Default;Default;Default;Default;Default;Default;16;Default;500;0.01;WorstCase;100;Corner;"3,804,142.1 ns";"48,708.08 ns";"43,178.45 ns";"3,788,935.2 ns";62.5000;62.5000;62.5000;274514 B
DistanceSearch;DefaultJob;False;Default;Default;Default;Default;Default;Default;111111111111;Empty;RyuJit;Default;X64;8c5e7fda-e8bf-4a96-9a85-a6e23a8c635c;.NET 6.0;False;True;False;True;Default;Default;False;False;False;Default;Default;Default;Default;Default;Default;Default;Default;Default;Default;Default;Default;Default;Default;Default;Default;Default;16;Default;500;0.01;WorstCase;100;Corner;"599,942.3 ns";"2,779.71 ns";"2,600.14 ns";"599,284.5 ns";0.0000;0.0000;0.0000;7568 B
SectorGrid;DefaultJob;False;Default;Default;Default;Default;Default;Default;111111111111;Empty;RyuJit;Default;X64;8c5e7fda-e8bf-4a96-9a85-a6e23a8c635c;.NET 6.0;False;True;False;True;Default;Default;False;False;False;Default;Default;Default;Default;Default;Default;Default;Default;Default;Default;Default;Default;Default;Default;Default;Default;Default;16;Default;500;0.01;WorstCase;100;Corner;"532,250.0 ns";"6,763.86 ns";"5,995.98 ns";"530,172.2 ns";100.5859;4.8828;0.0000;949328 B
BruteForce;DefaultJob;False;Default;Default;Default;Default;Default;Default;111111111111;Empty;RyuJit;Default;X64;8c5e7fda-e8bf-4a96-9a85-a6e23a8c635c;.NET 6.0;False;True;False;True;Default;Default;False;False;False;Default;Default;Default;Default;Default;Default;Default;Default;Default;Default;Default;Default;Default;Default;Default;Default;Default;16;Default;500;0.1;Random;10;Center;"1,108,865.4 ns";"20,909.28 ns";"19,558.55 ns";"1,104,913.5 ns";0.0000;0.0000;0.0000;1048 B
BFS;DefaultJob;False;Default;Default;Default;Default;Default;Default;111111111111;Empty;RyuJit;Default;X64;8c5e7fda-e8bf-4a96-9a85-a6e23a8c635c;.NET 6.0;False;True;False;True;Default;Default;False;False;False;Default;Default;Default;Default;Default;Default;Default;Default;Default;Default;Default;Default;Default;Default;Default;Default;Default;16;Default;500;0.1;Random;10;Center;"26,990.4 ns";747.71 ns;"2,169.25 ns";"26,481.3 ns";4.3945;4.0894;4.0894;253074 B
DistanceSearch;DefaultJob;False;Default;Default;Default;Default;Default;Default;111111111111;Empty;RyuJit;Default;X64;8c5e7fda-e8bf-4a96-9a85-a6e23a8c635c;.NET 6.0;False;True;False;True;Default;Default;False;False;False;Default;Default;Default;Default;Default;Default;Default;Default;Default;Default;Default;Default;Default;Default;Default;Default;Default;16;Default;500;0.1;Random;10;Center;501.6 ns;9.88 ns;13.86 ns;497.1 ns;0.1097;0.0000;0.0000;1032 B
SectorGrid;DefaultJob;False;Default;Default;Default;Default;Default;Default;111111111111;Empty;RyuJit;Default;X64;8c5e7fda-e8bf-4a96-9a85-a6e23a8c635c;.NET 6.0;False;True;False;True;Default;Default;False;False;False;Default;Default;Default;Default;Default;Default;Default;Default;Default;Default;Default;Default;Default;Default;Default;Default;Default;16;Default;500;0.1;Random;10;Center;"3,189.0 ns";11.86 ns;9.26 ns;"3,190.3 ns";0.1678;0.0000;0.0000;1600 B
BruteForce;DefaultJob;False;Default;Default;Default;Default;Default;Default;111111111111;Empty;RyuJit;Default;X64;8c5e7fda-e8bf-4a96-9a85-a6e23a8c635c;.NET 6.0;False;True;False;True;Default;Default;False;False;False;Default;Default;Default;Default;Default;Default;Default;Default;Default;Default;Default;Default;Default;Default;Default;Default;Default;16;Default;500;0.1;Random;10;Corner;"912,763.2 ns";"18,068.12 ns";"30,187.78 ns";"901,710.6 ns";0.0000;0.0000;0.0000;1048 B
BFS;DefaultJob;False;Default;Default;Default;Default;Default;Default;111111111111;Empty;RyuJit;Default;X64;8c5e7fda-e8bf-4a96-9a85-a6e23a8c635c;.NET 6.0;False;True;False;True;Default;Default;False;False;False;Default;Default;Default;Default;Default;Default;Default;Default;Default;Default;Default;Default;Default;Default;Default;Default;Default;16;Default;500;0.1;Random;10;Corner;"22,057.3 ns";433.51 ns;"1,038.66 ns";"21,867.1 ns";4.3030;4.1504;4.1504;251498 B
DistanceSearch;DefaultJob;False;Default;Default;Default;Default;Default;Default;111111111111;Empty;RyuJit;Default;X64;8c5e7fda-e8bf-4a96-9a85-a6e23a8c635c;.NET 6.0;False;True;False;True;Default;Default;False;False;False;Default;Default;Default;Default;Default;Default;Default;Default;Default;Default;Default;Default;Default;Default;Default;Default;Default;16;Default;500;0.1;Random;10;Corner;459.0 ns;1.82 ns;1.62 ns;459.0 ns;0.0958;0.0000;0.0000;904 B
SectorGrid;DefaultJob;False;Default;Default;Default;Default;Default;Default;111111111111;Empty;RyuJit;Default;X64;8c5e7fda-e8bf-4a96-9a85-a6e23a8c635c;.NET 6.0;False;True;False;True;Default;Default;False;False;False;Default;Default;Default;Default;Default;Default;Default;Default;Default;Default;Default;Default;Default;Default;Default;Default;Default;16;Default;500;0.1;Random;10;Corner;"2,083.7 ns";41.63 ns;61.03 ns;"2,065.8 ns";0.2327;0.0000;0.0000;2208 B
BruteForce;DefaultJob;False;Default;Default;Default;Default;Default;Default;111111111111;Empty;RyuJit;Default;X64;8c5e7fda-e8bf-4a96-9a85-a6e23a8c635c;.NET 6.0;False;True;False;True;Default;Default;False;False;False;Default;Default;Default;Default;Default;Default;Default;Default;Default;Default;Default;Default;Default;Default;Default;Default;Default;16;Default;500;0.1;Random;100;Center;"1,885,718.3 ns";"36,011.78 ns";"35,368.38 ns";"1,869,911.4 ns";0.0000;0.0000;0.0000;7936 B
BFS;DefaultJob;False;Default;Default;Default;Default;Default;Default;111111111111;Empty;RyuJit;Default;X64;8c5e7fda-e8bf-4a96-9a85-a6e23a8c635c;.NET 6.0;False;True;False;True;Default;Default;False;False;False;Default;Default;Default;Default;Default;Default;Default;Default;Default;Default;Default;Default;Default;Default;Default;Default;Default;16;Default;500;0.1;Random;100;Center;"49,726.8 ns";"2,005.67 ns";"5,786.82 ns";"49,528.5 ns";5.9814;4.7607;4.7607;261684 B
DistanceSearch;DefaultJob;False;Default;Default;Default;Default;Default;Default;111111111111;Empty;RyuJit;Default;X64;8c5e7fda-e8bf-4a96-9a85-a6e23a8c635c;.NET 6.0;False;True;False;True;Default;Default;False;False;False;Default;Default;Default;Default;Default;Default;Default;Default;Default;Default;Default;Default;Default;Default;Default;Default;Default;16;Default;500;0.1;Random;100;Center;"2,996.1 ns";18.97 ns;17.75 ns;"2,993.6 ns";0.7858;0.0153;0.0000;7408 B
SectorGrid;DefaultJob;False;Default;Default;Default;Default;Default;Default;111111111111;Empty;RyuJit;Default;X64;8c5e7fda-e8bf-4a96-9a85-a6e23a8c635c;.NET 6.0;False;True;False;True;Default;Default;False;False;False;Default;Default;Default;Default;Default;Default;Default;Default;Default;Default;Default;Default;Default;Default;Default;Default;Default;16;Default;500;0.1;Random;100;Center;"20,777.9 ns";73.58 ns;65.23 ns;"20,757.5 ns";1.1292;0.0000;0.0000;10848 B
BruteForce;DefaultJob;False;Default;Default;Default;Default;Default;Default;111111111111;Empty;RyuJit;Default;X64;8c5e7fda-e8bf-4a96-9a85-a6e23a8c635c;.NET 6.0;False;True;False;True;Default;Default;False;False;False;Default;Default;Default;Default;Default;Default;Default;Default;Default;Default;Default;Default;Default;Default;Default;Default;Default;16;Default;500;0.1;Random;100;Corner;"1,575,805.5 ns";"19,673.65 ns";"16,428.39 ns";"1,569,230.4 ns";0.0000;0.0000;0.0000;7936 B
BFS;DefaultJob;False;Default;Default;Default;Default;Default;Default;111111111111;Empty;RyuJit;Default;X64;8c5e7fda-e8bf-4a96-9a85-a6e23a8c635c;.NET 6.0;False;True;False;True;Default;Default;False;False;False;Default;Default;Default;Default;Default;Default;Default;Default;Default;Default;Default;Default;Default;Default;Default;Default;Default;16;Default;500;0.1;Random;100;Corner;"43,575.9 ns";867.72 ns;"1,867.86 ns";"43,337.8 ns";5.2490;4.2725;4.2725;259612 B
DistanceSearch;DefaultJob;False;Default;Default;Default;Default;Default;Default;111111111111;Empty;RyuJit;Default;X64;8c5e7fda-e8bf-4a96-9a85-a6e23a8c635c;.NET 6.0;False;True;False;True;Default;Default;False;False;False;Default;Default;Default;Default;Default;Default;Default;Default;Default;Default;Default;Default;Default;Default;Default;Default;Default;16;Default;500;0.1;Random;100;Corner;"3,637.5 ns";72.73 ns;80.84 ns;"3,613.5 ns";0.7935;0.0153;0.0000;7472 B
SectorGrid;DefaultJob;False;Default;Default;Default;Default;Default;Default;111111111111;Empty;RyuJit;Default;X64;8c5e7fda-e8bf-4a96-9a85-a6e23a8c635c;.NET 6.0;False;True;False;True;Default;Default;False;False;False;Default;Default;Default;Default;Default;Default;Default;Default;Default;Default;Default;Default;Default;Default;Default;Default;Default;16;Default;500;0.1;Random;100;Corner;"21,273.8 ns";102.57 ns;90.93 ns;"21,285.6 ns";1.9531;0.0305;0.0000;18664 B
BruteForce;DefaultJob;False;Default;Default;Default;Default;Default;Default;111111111111;Empty;RyuJit;Default;X64;8c5e7fda-e8bf-4a96-9a85-a6e23a8c635c;.NET 6.0;False;True;False;True;Default;Default;False;False;False;Default;Default;Default;Default;Default;Default;Default;Default;Default;Default;Default;Default;Default;Default;Default;Default;Default;16;Default;500;0.1;WorstCase;10;Center;"791,396.9 ns";"15,467.20 ns";"15,883.67 ns";"787,305.7 ns";0.0000;0.0000;0.0000;1048 B
BFS;DefaultJob;False;Default;Default;Default;Default;Default;Default;111111111111;Empty;RyuJit;Default;X64;8c5e7fda-e8bf-4a96-9a85-a6e23a8c635c;.NET 6.0;False;True;False;True;Default;Default;False;False;False;Default;Default;Default;Default;Default;Default;Default;Default;Default;Default;Default;Default;Default;Default;Default;Default;Default;16;Default;500;0.1;WorstCase;10;Center;"1,088,047.5 ns";"20,067.86 ns";"18,771.49 ns";"1,077,717.7 ns";42.9688;41.0156;41.0156;284185 B
DistanceSearch;DefaultJob;False;Default;Default;Default;Default;Default;Default;111111111111;Empty;RyuJit;Default;X64;8c5e7fda-e8bf-4a96-9a85-a6e23a8c635c;.NET 6.0;False;True;False;True;Default;Default;False;False;False;Default;Default;Default;Default;Default;Default;Default;Default;Default;Default;Default;Default;Default;Default;Default;Default;Default;16;Default;500;0.1;WorstCase;10;Center;"130,637.9 ns";"1,956.76 ns";"1,633.99 ns";"129,787.1 ns";0.0000;0.0000;0.0000;872 B
SectorGrid;DefaultJob;False;Default;Default;Default;Default;Default;Default;111111111111;Empty;RyuJit;Default;X64;8c5e7fda-e8bf-4a96-9a85-a6e23a8c635c;.NET 6.0;False;True;False;True;Default;Default;False;False;False;Default;Default;Default;Default;Default;Default;Default;Default;Default;Default;Default;Default;Default;Default;Default;Default;Default;16;Default;500;0.1;WorstCase;10;Center;"460,235.8 ns";"2,792.35 ns";"2,331.74 ns";"459,462.3 ns";15.1367;0.0000;0.0000;143456 B
BruteForce;DefaultJob;False;Default;Default;Default;Default;Default;Default;111111111111;Empty;RyuJit;Default;X64;8c5e7fda-e8bf-4a96-9a85-a6e23a8c635c;.NET 6.0;False;True;False;True;Default;Default;False;False;False;Default;Default;Default;Default;Default;Default;Default;Default;Default;Default;Default;Default;Default;Default;Default;Default;Default;16;Default;500;0.1;WorstCase;10;Corner;"777,875.4 ns";"3,253.82 ns";"2,717.09 ns";"777,257.7 ns";0.0000;0.0000;0.0000;1048 B
BFS;DefaultJob;False;Default;Default;Default;Default;Default;Default;111111111111;Empty;RyuJit;Default;X64;8c5e7fda-e8bf-4a96-9a85-a6e23a8c635c;.NET 6.0;False;True;False;True;Default;Default;False;False;False;Default;Default;Default;Default;Default;Default;Default;Default;Default;Default;Default;Default;Default;Default;Default;Default;Default;16;Default;500;0.1;WorstCase;10;Corner;"3,006,426.2 ns";"55,504.70 ns";"49,203.47 ns";"2,994,899.2 ns";39.0625;39.0625;39.0625;267742 B
DistanceSearch;DefaultJob;False;Default;Default;Default;Default;Default;Default;111111111111;Empty;RyuJit;Default;X64;8c5e7fda-e8bf-4a96-9a85-a6e23a8c635c;.NET 6.0;False;True;False;True;Default;Default;False;False;False;Default;Default;Default;Default;Default;Default;Default;Default;Default;Default;Default;Default;Default;Default;Default;Default;Default;16;Default;500;0.1;WorstCase;10;Corner;"498,469.7 ns";"9,637.05 ns";"10,311.54 ns";"496,069.9 ns";0.0000;0.0000;0.0000;904 B
SectorGrid;DefaultJob;False;Default;Default;Default;Default;Default;Default;111111111111;Empty;RyuJit;Default;X64;8c5e7fda-e8bf-4a96-9a85-a6e23a8c635c;.NET 6.0;False;True;False;True;Default;Default;False;False;False;Default;Default;Default;Default;Default;Default;Default;Default;Default;Default;Default;Default;Default;Default;Default;Default;Default;16;Default;500;0.1;WorstCase;10;Corner;"1,216,124.5 ns";"24,211.26 ns";"46,646.88 ns";"1,199,504.0 ns";99.6094;3.9063;0.0000;942440 B
BruteForce;DefaultJob;False;Default;Default;Default;Default;Default;Default;111111111111;Empty;RyuJit;Default;X64;8c5e7fda-e8bf-4a96-9a85-a6e23a8c635c;.NET 6.0;False;True;False;True;Default;Default;False;False;False;Default;Default;Default;Default;Default;Default;Default;Default;Default;Default;Default;Default;Default;Default;Default;Default;Default;16;Default;500;0.1;WorstCase;100;Center;"1,636,027.2 ns";"18,613.54 ns";"15,543.15 ns";"1,634,298.6 ns";0.0000;0.0000;0.0000;7936 B
BFS;DefaultJob;False;Default;Default;Default;Default;Default;Default;111111111111;Empty;RyuJit;Default;X64;8c5e7fda-e8bf-4a96-9a85-a6e23a8c635c;.NET 6.0;False;True;False;True;Default;Default;False;False;False;Default;Default;Default;Default;Default;Default;Default;Default;Default;Default;Default;Default;Default;Default;Default;Default;Default;16;Default;500;0.1;WorstCase;100;Center;"1,188,837.3 ns";"15,423.35 ns";"14,427.01 ns";"1,184,217.1 ns";46.8750;42.9688;42.9688;290464 B
DistanceSearch;DefaultJob;False;Default;Default;Default;Default;Default;Default;111111111111;Empty;RyuJit;Default;X64;8c5e7fda-e8bf-4a96-9a85-a6e23a8c635c;.NET 6.0;False;True;False;True;Default;Default;False;False;False;Default;Default;Default;Default;Default;Default;Default;Default;Default;Default;Default;Default;Default;Default;Default;Default;Default;16;Default;500;0.1;WorstCase;100;Center;"144,877.9 ns";847.51 ns;751.29 ns;"144,882.7 ns";0.7324;0.0000;0.0000;7568 B
SectorGrid;DefaultJob;False;Default;Default;Default;Default;Default;Default;111111111111;Empty;RyuJit;Default;X64;8c5e7fda-e8bf-4a96-9a85-a6e23a8c635c;.NET 6.0;False;True;False;True;Default;Default;False;False;False;Default;Default;Default;Default;Default;Default;Default;Default;Default;Default;Default;Default;Default;Default;Default;Default;Default;16;Default;500;0.1;WorstCase;100;Center;"663,122.1 ns";"6,650.25 ns";"5,553.26 ns";"663,035.4 ns";17.5781;0.0000;0.0000;167112 B
BruteForce;DefaultJob;False;Default;Default;Default;Default;Default;Default;111111111111;Empty;RyuJit;Default;X64;8c5e7fda-e8bf-4a96-9a85-a6e23a8c635c;.NET 6.0;False;True;False;True;Default;Default;False;False;False;Default;Default;Default;Default;Default;Default;Default;Default;Default;Default;Default;Default;Default;Default;Default;Default;Default;16;Default;500;0.1;WorstCase;100;Corner;"1,573,457.6 ns";"30,649.33 ns";"46,804.76 ns";"1,551,957.7 ns";0.0000;0.0000;0.0000;7936 B
BFS;DefaultJob;False;Default;Default;Default;Default;Default;Default;111111111111;Empty;RyuJit;Default;X64;8c5e7fda-e8bf-4a96-9a85-a6e23a8c635c;.NET 6.0;False;True;False;True;Default;Default;False;False;False;Default;Default;Default;Default;Default;Default;Default;Default;Default;Default;Default;Default;Default;Default;Default;Default;Default;16;Default;500;0.1;WorstCase;100;Corner;"3,094,555.7 ns";"60,631.35 ns";"56,714.60 ns";"3,087,730.5 ns";39.0625;39.0625;39.0625;274342 B
DistanceSearch;DefaultJob;False;Default;Default;Default;Default;Default;Default;111111111111;Empty;RyuJit;Default;X64;8c5e7fda-e8bf-4a96-9a85-a6e23a8c635c;.NET 6.0;False;True;False;True;Default;Default;False;False;False;Default;Default;Default;Default;Default;Default;Default;Default;Default;Default;Default;Default;Default;Default;Default;Default;Default;16;Default;500;0.1;WorstCase;100;Corner;"503,276.5 ns";"9,413.92 ns";"8,805.79 ns";"500,411.6 ns";0.0000;0.0000;0.0000;7600 B
SectorGrid;DefaultJob;False;Default;Default;Default;Default;Default;Default;111111111111;Empty;RyuJit;Default;X64;8c5e7fda-e8bf-4a96-9a85-a6e23a8c635c;.NET 6.0;False;True;False;True;Default;Default;False;False;False;Default;Default;Default;Default;Default;Default;Default;Default;Default;Default;Default;Default;Default;Default;Default;Default;Default;16;Default;500;0.1;WorstCase;100;Corner;"1,882,291.3 ns";"37,406.01 ns";"49,935.95 ns";"1,870,966.0 ns";99.6094;3.9063;0.0000;949328 B
BruteForce;DefaultJob;False;Default;Default;Default;Default;Default;Default;111111111111;Empty;RyuJit;Default;X64;8c5e7fda-e8bf-4a96-9a85-a6e23a8c635c;.NET 6.0;False;True;False;True;Default;Default;False;False;False;Default;Default;Default;Default;Default;Default;Default;Default;Default;Default;Default;Default;Default;Default;Default;Default;Default;16;Default;1000;0.01;Random;10;Center;"444,628.0 ns";"1,640.09 ns";"1,369.55 ns";"444,105.9 ns";0.0000;0.0000;0.0000;1048 B
BFS;DefaultJob;False;Default;Default;Default;Default;Default;Default;111111111111;Empty;RyuJit;Default;X64;8c5e7fda-e8bf-4a96-9a85-a6e23a8c635c;.NET 6.0;False;True;False;True;Default;Default;False;False;False;Default;Default;Default;Default;Default;Default;Default;Default;Default;Default;Default;Default;Default;Default;Default;Default;Default;16;Default;1000;0.01;Random;10;Center;"77,019.9 ns";"1,538.61 ns";"3,472.90 ns";"76,926.7 ns";18.0664;17.5781;17.5781;1005172 B
DistanceSearch;DefaultJob;False;Default;Default;Default;Default;Default;Default;111111111111;Empty;RyuJit;Default;X64;8c5e7fda-e8bf-4a96-9a85-a6e23a8c635c;.NET 6.0;False;True;False;True;Default;Default;False;False;False;Default;Default;Default;Default;Default;Default;Default;Default;Default;Default;Default;Default;Default;Default;Default;Default;Default;16;Default;1000;0.01;Random;10;Center;"1,186.9 ns";7.76 ns;7.26 ns;"1,184.8 ns";0.0916;0.0000;0.0000;872 B
SectorGrid;DefaultJob;False;Default;Default;Default;Default;Default;Default;111111111111;Empty;RyuJit;Default;X64;8c5e7fda-e8bf-4a96-9a85-a6e23a8c635c;.NET 6.0;False;True;False;True;Default;Default;False;False;False;Default;Default;Default;Default;Default;Default;Default;Default;Default;Default;Default;Default;Default;Default;Default;Default;Default;16;Default;1000;0.01;Random;10;Center;"1,486.3 ns";10.19 ns;8.51 ns;"1,482.7 ns";0.1698;0.0000;0.0000;1600 B
BruteForce;DefaultJob;False;Default;Default;Default;Default;Default;Default;111111111111;Empty;RyuJit;Default;X64;8c5e7fda-e8bf-4a96-9a85-a6e23a8c635c;.NET 6.0;False;True;False;True;Default;Default;False;False;False;Default;Default;Default;Default;Default;Default;Default;Default;Default;Default;Default;Default;Default;Default;Default;Default;Default;16;Default;1000;0.01;Random;10;Corner;"358,988.0 ns";"3,813.19 ns";"3,566.86 ns";"358,306.1 ns";0.0000;0.0000;0.0000;1048 B
BFS;DefaultJob;False;Default;Default;Default;Default;Default;Default;111111111111;Empty;RyuJit;Default;X64;8c5e7fda-e8bf-4a96-9a85-a6e23a8c635c;.NET 6.0;False;True;False;True;Default;Default;False;False;False;Default;Default;Default;Default;Default;Default;Default;Default;Default;Default;Default;Default;Default;Default;Default;Default;Default;16;Default;1000;0.01;Random;10;Corner;"83,531.5 ns";"1,561.84 ns";"1,384.53 ns";"83,119.5 ns";17.8223;17.5781;17.5781;1003121 B
DistanceSearch;DefaultJob;False;Default;Default;Default;Default;Default;Default;111111111111;Empty;RyuJit;Default;X64;8c5e7fda-e8bf-4a96-9a85-a6e23a8c635c;.NET 6.0;False;True;False;True;Default;Default;False;False;False;Default;Default;Default;Default;Default;Default;Default;Default;Default;Default;Default;Default;Default;Default;Default;Default;Default;16;Default;1000;0.01;Random;10;Corner;"2,650.6 ns";37.28 ns;33.05 ns;"2,639.0 ns";0.0916;0.0000;0.0000;872 B
SectorGrid;DefaultJob;False;Default;Default;Default;Default;Default;Default;111111111111;Empty;RyuJit;Default;X64;8c5e7fda-e8bf-4a96-9a85-a6e23a8c635c;.NET 6.0;False;True;False;True;Default;Default;False;False;False;Default;Default;Default;Default;Default;Default;Default;Default;Default;Default;Default;Default;Default;Default;Default;Default;Default;16;Default;1000;0.01;Random;10;Corner;"2,940.8 ns";48.77 ns;52.19 ns;"2,937.8 ns";0.5417;0.0000;0.0000;5104 B
BruteForce;DefaultJob;False;Default;Default;Default;Default;Default;Default;111111111111;Empty;RyuJit;Default;X64;8c5e7fda-e8bf-4a96-9a85-a6e23a8c635c;.NET 6.0;False;True;False;True;Default;Default;False;False;False;Default;Default;Default;Default;Default;Default;Default;Default;Default;Default;Default;Default;Default;Default;Default;Default;Default;16;Default;1000;0.01;Random;100;Center;"771,783.9 ns";"8,720.65 ns";"7,730.63 ns";"769,038.7 ns";0.0000;0.0000;0.0000;7936 B
BFS;DefaultJob;False;Default;Default;Default;Default;Default;Default;111111111111;Empty;RyuJit;Default;X64;8c5e7fda-e8bf-4a96-9a85-a6e23a8c635c;.NET 6.0;False;True;False;True;Default;Default;False;False;False;Default;Default;Default;Default;Default;Default;Default;Default;Default;Default;Default;Default;Default;Default;Default;Default;Default;16;Default;1000;0.01;Random;100;Center;"274,577.1 ns";"4,932.45 ns";"4,372.49 ns";"274,281.9 ns";28.8086;26.3672;26.3672;1024068 B
DistanceSearch;DefaultJob;False;Default;Default;Default;Default;Default;Default;111111111111;Empty;RyuJit;Default;X64;8c5e7fda-e8bf-4a96-9a85-a6e23a8c635c;.NET 6.0;False;True;False;True;Default;Default;False;False;False;Default;Default;Default;Default;Default;Default;Default;Default;Default;Default;Default;Default;Default;Default;Default;Default;Default;16;Default;1000;0.01;Random;100;Center;"22,455.8 ns";184.33 ns;163.40 ns;"22,402.1 ns";0.7629;0.0000;0.0000;7408 B
SectorGrid;DefaultJob;False;Default;Default;Default;Default;Default;Default;111111111111;Empty;RyuJit;Default;X64;8c5e7fda-e8bf-4a96-9a85-a6e23a8c635c;.NET 6.0;False;True;False;True;Default;Default;False;False;False;Default;Default;Default;Default;Default;Default;Default;Default;Default;Default;Default;Default;Default;Default;Default;Default;Default;16;Default;1000;0.01;Random;100;Center;"25,526.5 ns";286.50 ns;239.24 ns;"25,444.0 ns";1.9531;0.0305;0.0000;18664 B
BruteForce;DefaultJob;False;Default;Default;Default;Default;Default;Default;111111111111;Empty;RyuJit;Default;X64;8c5e7fda-e8bf-4a96-9a85-a6e23a8c635c;.NET 6.0;False;True;False;True;Default;Default;False;False;False;Default;Default;Default;Default;Default;Default;Default;Default;Default;Default;Default;Default;Default;Default;Default;Default;Default;16;Default;1000;0.01;Random;100;Corner;"628,356.4 ns";"3,909.15 ns";"3,465.36 ns";"627,229.9 ns";0.0000;0.0000;0.0000;7936 B
BFS;DefaultJob;False;Default;Default;Default;Default;Default;Default;111111111111;Empty;RyuJit;Default;X64;8c5e7fda-e8bf-4a96-9a85-a6e23a8c635c;.NET 6.0;False;True;False;True;Default;Default;False;False;False;Default;Default;Default;Default;Default;Default;Default;Default;Default;Default;Default;Default;Default;Default;Default;Default;Default;16;Default;1000;0.01;Random;100;Corner;"298,438.8 ns";"2,214.24 ns";"1,962.87 ns";"298,406.9 ns";26.8555;25.3906;25.3906;1015852 B
DistanceSearch;DefaultJob;False;Default;Default;Default;Default;Default;Default;111111111111;Empty;RyuJit;Default;X64;8c5e7fda-e8bf-4a96-9a85-a6e23a8c635c;.NET 6.0;False;True;False;True;Default;Default;False;False;False;Default;Default;Default;Default;Default;Default;Default;Default;Default;Default;Default;Default;Default;Default;Default;Default;Default;16;Default;1000;0.01;Random;100;Corner;"28,786.3 ns";193.82 ns;151.32 ns;"28,766.4 ns";0.7629;0.0000;0.0000;7440 B
SectorGrid;DefaultJob;False;Default;Default;Default;Default;Default;Default;111111111111;Empty;RyuJit;Default;X64;8c5e7fda-e8bf-4a96-9a85-a6e23a8c635c;.NET 6.0;False;True;False;True;Default;Default;False;False;False;Default;Default;Default;Default;Default;Default;Default;Default;Default;Default;Default;Default;Default;Default;Default;Default;Default;16;Default;1000;0.01;Random;100;Corner;"40,346.4 ns";771.84 ns;825.86 ns;"40,185.6 ns";6.0425;0.1221;0.0000;57400 B
BruteForce;DefaultJob;False;Default;Default;Default;Default;Default;Default;111111111111;Empty;RyuJit;Default;X64;8c5e7fda-e8bf-4a96-9a85-a6e23a8c635c;.NET 6.0;False;True;False;True;Default;Default;False;False;False;Default;Default;Default;Default;Default;Default;Default;Default;Default;Default;Default;Default;Default;Default;Default;Default;Default;16;Default;1000;0.01;WorstCase;10;Center;"313,976.6 ns";"3,575.22 ns";"3,169.34 ns";"313,157.3 ns";0.0000;0.0000;0.0000;1048 B
BFS;DefaultJob;False;Default;Default;Default;Default;Default;Default;111111111111;Empty;RyuJit;Default;X64;8c5e7fda-e8bf-4a96-9a85-a6e23a8c635c;.NET 6.0;False;True;False;True;Default;Default;False;False;False;Default;Default;Default;Default;Default;Default;Default;Default;Default;Default;Default;Default;Default;Default;Default;Default;Default;16;Default;1000;0.01;WorstCase;10;Center;"18,432,111.2 ns";"298,242.24 ns";"355,036.20 ns";"18,316,373.4 ns";0.0000;0.0000;0.0000;1066680 B
DistanceSearch;DefaultJob;False;Default;Default;Default;Default;Default;Default;111111111111;Empty;RyuJit;Default;X64;8c5e7fda-e8bf-4a96-9a85-a6e23a8c635c;.NET 6.0;False;True;False;True;Default;Default;False;False;False;Default;Default;Default;Default;Default;Default;Default;Default;Default;Default;Default;Default;Default;Default;Default;Default;Default;16;Default;1000;0.01;WorstCase;10;Center;"3,006,623.1 ns";"195,309.17 ns";"547,667.89 ns";"2,737,346.1 ns";0.0000;0.0000;0.0000;872 B
SectorGrid;DefaultJob;False;Default;Default;Default;Default;Default;Default;111111111111;Empty;RyuJit;Default;X64;8c5e7fda-e8bf-4a96-9a85-a6e23a8c635c;.NET 6.0;False;True;False;True;Default;Default;False;False;False;Default;Default;Default;Default;Default;Default;Default;Default;Default;Default;Default;Default;Default;Default;Default;Default;Default;16;Default;1000;0.01;WorstCase;10;Center;"836,066.3 ns";"4,054.86 ns";"3,792.91 ns";"834,307.3 ns";49.8047;0.9766;0.0000;477640 B
BruteForce;DefaultJob;False;Default;Default;Default;Default;Default;Default;111111111111;Empty;RyuJit;Default;X64;8c5e7fda-e8bf-4a96-9a85-a6e23a8c635c;.NET 6.0;False;True;False;True;Default;Default;False;False;False;Default;Default;Default;Default;Default;Default;Default;Default;Default;Default;Default;Default;Default;Default;Default;Default;Default;16;Default;1000;0.01;WorstCase;10;Corner;"325,480.3 ns";"5,941.29 ns";"6,101.27 ns";"323,970.2 ns";0.0000;0.0000;0.0000;1048 B
BFS;DefaultJob;False;Default;Default;Default;Default;Default;Default;111111111111;Empty;RyuJit;Default;X64;8c5e7fda-e8bf-4a96-9a85-a6e23a8c635c;.NET 6.0;False;True;False;True;Default;Default;False;False;False;Default;Default;Default;Default;Default;Default;Default;Default;Default;Default;Default;Default;Default;Default;Default;Default;Default;16;Default;1000;0.01;WorstCase;10;Corner;"23,352,865.8 ns";"452,087.95 ns";"1,011,159.57 ns";"23,507,093.8 ns";0.0000;0.0000;0.0000;1033888 B
DistanceSearch;DefaultJob;False;Default;Default;Default;Default;Default;Default;111111111111;Empty;RyuJit;Default;X64;8c5e7fda-e8bf-4a96-9a85-a6e23a8c635c;.NET 6.0;False;True;False;True;Default;Default;False;False;False;Default;Default;Default;Default;Default;Default;Default;Default;Default;Default;Default;Default;Default;Default;Default;Default;Default;16;Default;1000;0.01;WorstCase;10;Corner;"6,022,919.6 ns";"417,683.32 ns";"1,231,548.79 ns";"5,938,234.0 ns";0.0000;0.0000;0.0000;872 B
SectorGrid;DefaultJob;False;Default;Default;Default;Default;Default;Default;111111111111;Empty;RyuJit;Default;X64;8c5e7fda-e8bf-4a96-9a85-a6e23a8c635c;.NET 6.0;False;True;False;True;Default;Default;False;False;False;Default;Default;Default;Default;Default;Default;Default;Default;Default;Default;Default;Default;Default;Default;Default;Default;Default;16;Default;1000;0.01;WorstCase;10;Corner;"1,081,963.2 ns";"11,765.23 ns";"11,005.20 ns";"1,076,988.3 ns";199.2188;13.6719;0.0000;1885952 B
BruteForce;DefaultJob;False;Default;Default;Default;Default;Default;Default;111111111111;Empty;RyuJit;Default;X64;8c5e7fda-e8bf-4a96-9a85-a6e23a8c635c;.NET 6.0;False;True;False;True;Default;Default;False;False;False;Default;Default;Default;Default;Default;Default;Default;Default;Default;Default;Default;Default;Default;Default;Default;Default;Default;16;Default;1000;0.01;WorstCase;100;Center;"687,498.3 ns";838.41 ns;700.11 ns;"687,396.8 ns";0.0000;0.0000;0.0000;7936 B
BFS;DefaultJob;False;Default;Default;Default;Default;Default;Default;111111111111;Empty;RyuJit;Default;X64;8c5e7fda-e8bf-4a96-9a85-a6e23a8c635c;.NET 6.0;False;True;False;True;Default;Default;False;False;False;Default;Default;Default;Default;Default;Default;Default;Default;Default;Default;Default;Default;Default;Default;Default;Default;Default;16;Default;1000;0.01;WorstCase;100;Center;"18,472,190.4 ns";"310,325.03 ns";"259,135.46 ns";"18,387,075.0 ns";0.0000;0.0000;0.0000;1073216 B
DistanceSearch;DefaultJob;False;Default;Default;Default;Default;Default;Default;111111111111;Empty;RyuJit;Default;X64;8c5e7fda-e8bf-4a96-9a85-a6e23a8c635c;.NET 6.0;False;True;False;True;Default;Default;False;False;False;Default;Default;Default;Default;Default;Default;Default;Default;Default;Default;Default;Default;Default;Default;Default;Default;Default;16;Default;1000;0.01;WorstCase;100;Center;"3,711,123.4 ns";"416,918.67 ns";"1,229,294.19 ns";"3,118,176.8 ns";0.0000;0.0000;0.0000;7568 B
SectorGrid;DefaultJob;False;Default;Default;Default;Default;Default;Default;111111111111;Empty;RyuJit;Default;X64;8c5e7fda-e8bf-4a96-9a85-a6e23a8c635c;.NET 6.0;False;True;False;True;Default;Default;False;False;False;Default;Default;Default;Default;Default;Default;Default;Default;Default;Default;Default;Default;Default;Default;Default;Default;Default;16;Default;1000;0.01;WorstCase;100;Center;"1,177,317.9 ns";"15,191.30 ns";"13,466.69 ns";"1,170,225.2 ns";50.7813;1.9531;0.0000;484528 B
BruteForce;DefaultJob;False;Default;Default;Default;Default;Default;Default;111111111111;Empty;RyuJit;Default;X64;8c5e7fda-e8bf-4a96-9a85-a6e23a8c635c;.NET 6.0;False;True;False;True;Default;Default;False;False;False;Default;Default;Default;Default;Default;Default;Default;Default;Default;Default;Default;Default;Default;Default;Default;Default;Default;16;Default;1000;0.01;WorstCase;100;Corner;"656,456.3 ns";"3,284.00 ns";"2,742.29 ns";"656,042.8 ns";0.0000;0.0000;0.0000;7936 B
BFS;DefaultJob;False;Default;Default;Default;Default;Default;Default;111111111111;Empty;RyuJit;Default;X64;8c5e7fda-e8bf-4a96-9a85-a6e23a8c635c;.NET 6.0;False;True;False;True;Default;Default;False;False;False;Default;Default;Default;Default;Default;Default;Default;Default;Default;Default;Default;Default;Default;Default;Default;Default;Default;16;Default;1000;0.01;WorstCase;100;Corner;"22,462,496.5 ns";"422,582.35 ns";"352,875.40 ns";"22,359,657.8 ns";0.0000;0.0000;0.0000;1040424 B
DistanceSearch;DefaultJob;False;Default;Default;Default;Default;Default;Default;111111111111;Empty;RyuJit;Default;X64;8c5e7fda-e8bf-4a96-9a85-a6e23a8c635c;.NET 6.0;False;True;False;True;Default;Default;False;False;False;Default;Default;Default;Default;Default;Default;Default;Default;Default;Default;Default;Default;Default;Default;Default;Default;Default;16;Default;1000;0.01;WorstCase;100;Corner;"5,436,029.5 ns";"441,981.40 ns";"1,303,192.22 ns";"5,096,708.6 ns";0.0000;0.0000;0.0000;7568 B
SectorGrid;DefaultJob;False;Default;Default;Default;Default;Default;Default;111111111111;Empty;RyuJit;Default;X64;8c5e7fda-e8bf-4a96-9a85-a6e23a8c635c;.NET 6.0;False;True;False;True;Default;Default;False;False;False;Default;Default;Default;Default;Default;Default;Default;Default;Default;Default;Default;Default;Default;Default;Default;Default;Default;16;Default;1000;0.01;WorstCase;100;Corner;"1,420,428.2 ns";"9,593.32 ns";"8,504.23 ns";"1,419,075.6 ns";199.2188;15.6250;0.0000;1892840 B
BruteForce;DefaultJob;False;Default;Default;Default;Default;Default;Default;111111111111;Empty;RyuJit;Default;X64;8c5e7fda-e8bf-4a96-9a85-a6e23a8c635c;.NET 6.0;False;True;False;True;Default;Default;False;False;False;Default;Default;Default;Default;Default;Default;Default;Default;Default;Default;Default;Default;Default;Default;Default;Default;Default;16;Default;1000;0.1;Random;10;Center;"4,791,151.2 ns";"95,319.22 ns";"123,941.92 ns";"4,757,180.5 ns";0.0000;0.0000;0.0000;1048 B
BFS;DefaultJob;False;Default;Default;Default;Default;Default;Default;111111111111;Empty;RyuJit;Default;X64;8c5e7fda-e8bf-4a96-9a85-a6e23a8c635c;.NET 6.0;False;True;False;True;Default;Default;False;False;False;Default;Default;Default;Default;Default;Default;Default;Default;Default;Default;Default;Default;Default;Default;Default;Default;Default;16;Default;1000;0.1;Random;10;Center;"140,049.7 ns";"2,765.00 ns";"5,832.32 ns";"137,767.8 ns";7.3242;7.3242;7.3242;1002052 B
DistanceSearch;DefaultJob;False;Default;Default;Default;Default;Default;Default;111111111111;Empty;RyuJit;Default;X64;8c5e7fda-e8bf-4a96-9a85-a6e23a8c635c;.NET 6.0;False;True;False;True;Default;Default;False;False;False;Default;Default;Default;Default;Default;Default;Default;Default;Default;Default;Default;Default;Default;Default;Default;Default;Default;16;Default;1000;0.1;Random;10;Center;414.3 ns;8.28 ns;11.87 ns;409.4 ns;0.0992;0.0000;0.0000;936 B
SectorGrid;DefaultJob;False;Default;Default;Default;Default;Default;Default;111111111111;Empty;RyuJit;Default;X64;8c5e7fda-e8bf-4a96-9a85-a6e23a8c635c;.NET 6.0;False;True;False;True;Default;Default;False;False;False;Default;Default;Default;Default;Default;Default;Default;Default;Default;Default;Default;Default;Default;Default;Default;Default;Default;16;Default;1000;0.1;Random;10;Center;"1,660.7 ns";30.87 ns;28.87 ns;"1,650.0 ns";0.1335;0.0000;0.0000;1272 B
BruteForce;DefaultJob;False;Default;Default;Default;Default;Default;Default;111111111111;Empty;RyuJit;Default;X64;8c5e7fda-e8bf-4a96-9a85-a6e23a8c635c;.NET 6.0;False;True;False;True;Default;Default;False;False;False;Default;Default;Default;Default;Default;Default;Default;Default;Default;Default;Default;Default;Default;Default;Default;Default;Default;16;Default;1000;0.1;Random;10;Corner;"3,990,024.3 ns";"49,045.43 ns";"43,477.50 ns";"3,986,447.3 ns";0.0000;0.0000;0.0000;1048 B
BFS;DefaultJob;False;Default;Default;Default;Default;Default;Default;111111111111;Empty;RyuJit;Default;X64;8c5e7fda-e8bf-4a96-9a85-a6e23a8c635c;.NET 6.0;False;True;False;True;Default;Default;False;False;False;Default;Default;Default;Default;Default;Default;Default;Default;Default;Default;Default;Default;Default;Default;Default;Default;Default;16;Default;1000;0.1;Random;10;Corner;"142,102.2 ns";"2,813.02 ns";"5,000.13 ns";"141,759.8 ns";7.3242;7.3242;7.3242;1002052 B
DistanceSearch;DefaultJob;False;Default;Default;Default;Default;Default;Default;111111111111;Empty;RyuJit;Default;X64;8c5e7fda-e8bf-4a96-9a85-a6e23a8c635c;.NET 6.0;False;True;False;True;Default;Default;False;False;False;Default;Default;Default;Default;Default;Default;Default;Default;Default;Default;Default;Default;Default;Default;Default;Default;Default;16;Default;1000;0.1;Random;10;Corner;514.9 ns;6.72 ns;5.96 ns;512.7 ns;0.0925;0.0000;0.0000;872 B
SectorGrid;DefaultJob;False;Default;Default;Default;Default;Default;Default;111111111111;Empty;RyuJit;Default;X64;8c5e7fda-e8bf-4a96-9a85-a6e23a8c635c;.NET 6.0;False;True;False;True;Default;Default;False;False;False;Default;Default;Default;Default;Default;Default;Default;Default;Default;Default;Default;Default;Default;Default;Default;Default;Default;16;Default;1000;0.1;Random;10;Corner;"3,861.3 ns";43.30 ns;38.38 ns;"3,851.7 ns";0.2289;0.0000;0.0000;2208 B
BruteForce;DefaultJob;False;Default;Default;Default;Default;Default;Default;111111111111;Empty;RyuJit;Default;X64;8c5e7fda-e8bf-4a96-9a85-a6e23a8c635c;.NET 6.0;False;True;False;True;Default;Default;False;False;False;Default;Default;Default;Default;Default;Default;Default;Default;Default;Default;Default;Default;Default;Default;Default;Default;Default;16;Default;1000;0.1;Random;100;Center;"7,314,060.8 ns";"29,479.86 ns";"24,617.02 ns";"7,307,459.4 ns";0.0000;0.0000;0.0000;7936 B
BFS;DefaultJob;False;Default;Default;Default;Default;Default;Default;111111111111;Empty;RyuJit;Default;X64;8c5e7fda-e8bf-4a96-9a85-a6e23a8c635c;.NET 6.0;False;True;False;True;Default;Default;False;False;False;Default;Default;Default;Default;Default;Default;Default;Default;Default;Default;Default;Default;Default;Default;Default;Default;Default;16;Default;1000;0.1;Random;100;Center;"156,214.9 ns";"2,450.58 ns";"2,172.37 ns";"155,499.2 ns";8.5449;7.3242;7.3242;1011693 B
DistanceSearch;DefaultJob;False;Default;Default;Default;Default;Default;Default;111111111111;Empty;RyuJit;Default;X64;8c5e7fda-e8bf-4a96-9a85-a6e23a8c635c;.NET 6.0;False;True;False;True;Default;Default;False;False;False;Default;Default;Default;Default;Default;Default;Default;Default;Default;Default;Default;Default;Default;Default;Default;Default;Default;16;Default;1000;0.1;Random;100;Center;"3,021.0 ns";31.78 ns;28.17 ns;"3,018.7 ns";0.8049;0.0153;0.0000;7600 B
SectorGrid;DefaultJob;False;Default;Default;Default;Default;Default;Default;111111111111;Empty;RyuJit;Default;X64;8c5e7fda-e8bf-4a96-9a85-a6e23a8c635c;.NET 6.0;False;True;False;True;Default;Default;False;False;False;Default;Default;Default;Default;Default;Default;Default;Default;Default;Default;Default;Default;Default;Default;Default;Default;Default;16;Default;1000;0.1;Random;100;Center;"14,488.1 ns";108.88 ns;96.52 ns;"14,444.6 ns";0.9613;0.0153;0.0000;9096 B
BruteForce;DefaultJob;False;Default;Default;Default;Default;Default;Default;111111111111;Empty;RyuJit;Default;X64;8c5e7fda-e8bf-4a96-9a85-a6e23a8c635c;.NET 6.0;False;True;False;True;Default;Default;False;False;False;Default;Default;Default;Default;Default;Default;Default;Default;Default;Default;Default;Default;Default;Default;Default;Default;Default;16;Default;1000;0.1;Random;100;Corner;"6,470,414.6 ns";"128,740.61 ns";"200,433.64 ns";"6,360,653.1 ns";0.0000;0.0000;0.0000;7936 B
BFS;DefaultJob;False;Default;Default;Default;Default;Default;Default;111111111111;Empty;RyuJit;Default;X64;8c5e7fda-e8bf-4a96-9a85-a6e23a8c635c;.NET 6.0;False;True;False;True;Default;Default;False;False;False;Default;Default;Default;Default;Default;Default;Default;Default;Default;Default;Default;Default;Default;Default;Default;Default;Default;16;Default;1000;0.1;Random;100;Corner;"167,097.8 ns";"3,318.22 ns";"7,352.96 ns";"165,489.4 ns";8.3008;7.3242;7.3242;1009631 B
DistanceSearch;DefaultJob;False;Default;Default;Default;Default;Default;Default;111111111111;Empty;RyuJit;Default;X64;8c5e7fda-e8bf-4a96-9a85-a6e23a8c635c;.NET 6.0;False;True;False;True;Default;Default;False;False;False;Default;Default;Default;Default;Default;Default;Default;Default;Default;Default;Default;Default;Default;Default;Default;Default;Default;16;Default;1000;0.1;Random;100;Corner;"3,261.0 ns";62.78 ns;108.30 ns;"3,234.6 ns";0.7858;0.0153;0.0000;7408 B
SectorGrid;DefaultJob;False;Default;Default;Default;Default;Default;Default;111111111111;Empty;RyuJit;Default;X64;8c5e7fda-e8bf-4a96-9a85-a6e23a8c635c;.NET 6.0;False;True;False;True;Default;Default;False;False;False;Default;Default;Default;Default;Default;Default;Default;Default;Default;Default;Default;Default;Default;Default;Default;Default;Default;16;Default;1000;0.1;Random;100;Corner;"15,705.9 ns";145.06 ns;121.13 ns;"15,656.0 ns";1.2512;0.0000;0.0000;11992 B
BruteForce;DefaultJob;False;Default;Default;Default;Default;Default;Default;111111111111;Empty;RyuJit;Default;X64;8c5e7fda-e8bf-4a96-9a85-a6e23a8c635c;.NET 6.0;False;True;False;True;Default;Default;False;False;False;Default;Default;Default;Default;Default;Default;Default;Default;Default;Default;Default;Default;Default;Default;Default;Default;Default;16;Default;1000;0.1;WorstCase;10;Center;"3,293,484.8 ns";"65,756.61 ns";"75,725.42 ns";"3,299,589.5 ns";0.0000;0.0000;0.0000;1048 B
BFS;DefaultJob;False;Default;Default;Default;Default;Default;Default;111111111111;Empty;RyuJit;Default;X64;8c5e7fda-e8bf-4a96-9a85-a6e23a8c635c;.NET 6.0;False;True;False;True;Default;Default;False;False;False;Default;Default;Default;Default;Default;Default;Default;Default;Default;Default;Default;Default;Default;Default;Default;Default;Default;16;Default;1000;0.1;WorstCase;10;Center;"5,137,099.2 ns";"77,845.33 ns";"69,007.86 ns";"5,138,158.6 ns";23.4375;23.4375;23.4375;1066796 B
DistanceSearch;DefaultJob;False;Default;Default;Default;Default;Default;Default;111111111111;Empty;RyuJit;Default;X64;8c5e7fda-e8bf-4a96-9a85-a6e23a8c635c;.NET 6.0;False;True;False;True;Default;Default;False;False;False;Default;Default;Default;Default;Default;Default;Default;Default;Default;Default;Default;Default;Default;Default;Default;Default;Default;16;Default;1000;0.1;WorstCase;10;Center;"590,481.3 ns";"1,672.12 ns";"1,305.48 ns";"590,065.4 ns";0.0000;0.0000;0.0000;872 B
SectorGrid;DefaultJob;False;Default;Default;Default;Default;Default;Default;111111111111;Empty;RyuJit;Default;X64;8c5e7fda-e8bf-4a96-9a85-a6e23a8c635c;.NET 6.0;False;True;False;True;Default;Default;False;False;False;Default;Default;Default;Default;Default;Default;Default;Default;Default;Default;Default;Default;Default;Default;Default;Default;Default;16;Default;1000;0.1;WorstCase;10;Center;"1,555,188.1 ns";"30,428.91 ns";"37,369.43 ns";"1,541,423.1 ns";27.3438;0.0000;0.0000;269216 B
BruteForce;DefaultJob;False;Default;Default;Default;Default;Default;Default;111111111111;Empty;RyuJit;Default;X64;8c5e7fda-e8bf-4a96-9a85-a6e23a8c635c;.NET 6.0;False;True;False;True;Default;Default;False;False;False;Default;Default;Default;Default;Default;Default;Default;Default;Default;Default;Default;Default;Default;Default;Default;Default;Default;16;Default;1000;0.1;WorstCase;10;Corner;"3,249,873.9 ns";"58,642.71 ns";"84,103.63 ns";"3,212,884.8 ns";0.0000;0.0000;0.0000;1048 B
BFS;DefaultJob;False;Default;Default;Default;Default;Default;Default;111111111111;Empty;RyuJit;Default;X64;8c5e7fda-e8bf-4a96-9a85-a6e23a8c635c;.NET 6.0;False;True;False;True;Default;Default;False;False;False;Default;Default;Default;Default;Default;Default;Default;Default;Default;Default;Default;Default;Default;Default;Default;Default;Default;16;Default;1000;0.1;WorstCase;10;Corner;"18,289,874.2 ns";"164,879.24 ns";"154,228.14 ns";"18,265,650.0 ns";0.0000;0.0000;0.0000;1033888 B
DistanceSearch;DefaultJob;False;Default;Default;Default;Default;Default;Default;111111111111;Empty;RyuJit;Default;X64;8c5e7fda-e8bf-4a96-9a85-a6e23a8c635c;.NET 6.0;False;True;False;True;Default;Default;False;False;False;Default;Default;Default;Default;Default;Default;Default;Default;Default;Default;Default;Default;Default;Default;Default;Default;Default;16;Default;1000;0.1;WorstCase;10;Corner;"3,365,901.9 ns";"67,176.03 ns";"159,650.96 ns";"3,344,314.5 ns";0.0000;0.0000;0.0000;904 B
SectorGrid;DefaultJob;False;Default;Default;Default;Default;Default;Default;111111111111;Empty;RyuJit;Default;X64;8c5e7fda-e8bf-4a96-9a85-a6e23a8c635c;.NET 6.0;False;True;False;True;Default;Default;False;False;False;Default;Default;Default;Default;Default;Default;Default;Default;Default;Default;Default;Default;Default;Default;Default;Default;Default;16;Default;1000;0.1;WorstCase;10;Corner;"5,004,274.9 ns";"48,789.61 ns";"45,637.83 ns";"5,001,185.9 ns";195.3125;15.6250;0.0000;1885952 B
BruteForce;DefaultJob;False;Default;Default;Default;Default;Default;Default;111111111111;Empty;RyuJit;Default;X64;8c5e7fda-e8bf-4a96-9a85-a6e23a8c635c;.NET 6.0;False;True;False;True;Default;Default;False;False;False;Default;Default;Default;Default;Default;Default;Default;Default;Default;Default;Default;Default;Default;Default;Default;Default;Default;16;Default;1000;0.1;WorstCase;100;Center;"6,314,626.9 ns";"70,998.14 ns";"62,938.00 ns";"6,302,862.5 ns";0.0000;0.0000;0.0000;7936 B
BFS;DefaultJob;False;Default;Default;Default;Default;Default;Default;111111111111;Empty;RyuJit;Default;X64;8c5e7fda-e8bf-4a96-9a85-a6e23a8c635c;.NET 6.0;False;True;False;True;Default;Default;False;False;False;Default;Default;Default;Default;Default;Default;Default;Default;Default;Default;Default;Default;Default;Default;Default;Default;Default;16;Default;1000;0.1;WorstCase;100;Center;"5,286,704.8 ns";"65,446.40 ns";"58,016.53 ns";"5,310,323.0 ns";23.4375;23.4375;23.4375;1073230 B
DistanceSearch;DefaultJob;False;Default;Default;Default;Default;Default;Default;111111111111;Empty;RyuJit;Default;X64;8c5e7fda-e8bf-4a96-9a85-a6e23a8c635c;.NET 6.0;False;True;False;True;Default;Default;False;False;False;Default;Default;Default;Default;Default;Default;Default;Default;Default;Default;Default;Default;Default;Default;Default;Default;Default;16;Default;1000;0.1;WorstCase;100;Center;"631,327.7 ns";"10,518.45 ns";"8,783.39 ns";"629,790.1 ns";0.0000;0.0000;0.0000;7568 B
SectorGrid;DefaultJob;False;Default;Default;Default;Default;Default;Default;111111111111;Empty;RyuJit;Default;X64;8c5e7fda-e8bf-4a96-9a85-a6e23a8c635c;.NET 6.0;False;True;False;True;Default;Default;False;False;False;Default;Default;Default;Default;Default;Default;Default;Default;Default;Default;Default;Default;Default;Default;Default;Default;Default;16;Default;1000;0.1;WorstCase;100;Center;"2,771,805.1 ns";"44,149.29 ns";"36,866.66 ns";"2,765,680.9 ns";27.3438;0.0000;0.0000;292872 B
BruteForce;DefaultJob;False;Default;Default;Default;Default;Default;Default;111111111111;Empty;RyuJit;Default;X64;8c5e7fda-e8bf-4a96-9a85-a6e23a8c635c;.NET 6.0;False;True;False;True;Default;Default;False;False;False;Default;Default;Default;Default;Default;Default;Default;Default;Default;Default;Default;Default;Default;Default;Default;Default;Default;16;Default;1000;0.1;WorstCase;100;Corner;"5,701,760.9 ns";"32,497.86 ns";"28,808.51 ns";"5,705,758.6 ns";0.0000;0.0000;0.0000;7936 B
BFS;DefaultJob;False;Default;Default;Default;Default;Default;Default;111111111111;Empty;RyuJit;Default;X64;8c5e7fda-e8bf-4a96-9a85-a6e23a8c635c;.NET 6.0;False;True;False;True;Default;Default;False;False;False;Default;Default;Default;Default;Default;Default;Default;Default;Default;Default;Default;Default;Default;Default;Default;Default;Default;16;Default;1000;0.1;WorstCase;100;Corner;"18,787,402.7 ns";"365,918.81 ns";"475,797.85 ns";"18,697,476.6 ns";0.0000;0.0000;0.0000;1040424 B
DistanceSearch;DefaultJob;False;Default;Default;Default;Default;Default;Default;111111111111;Empty;RyuJit;Default;X64;8c5e7fda-e8bf-4a96-9a85-a6e23a8c635c;.NET 6.0;False;True;False;True;Default;Default;False;False;False;Default;Default;Default;Default;Default;Default;Default;Default;Default;Default;Default;Default;Default;Default;Default;Default;Default;16;Default;1000;0.1;WorstCase;100;Corner;"6,417,386.8 ns";"128,265.40 ns";"302,336.66 ns";"6,404,933.6 ns";0.0000;0.0000;0.0000;7600 B
SectorGrid;DefaultJob;False;Default;Default;Default;Default;Default;Default;111111111111;Empty;RyuJit;Default;X64;8c5e7fda-e8bf-4a96-9a85-a6e23a8c635c;.NET 6.0;False;True;False;True;Default;Default;False;False;False;Default;Default;Default;Default;Default;Default;Default;Default;Default;Default;Default;Default;Default;Default;Default;Default;Default;16;Default;1000;0.1;WorstCase;100;Corner;"7,523,910.3 ns";"126,966.16 ns";"112,552.20 ns";"7,494,591.4 ns";187.5000;15.6250;0.0000;1892840 B
